IdVenta,Fecha,Vendedor,IdProducto,Cantidad,Precio Unitario,Importe
1,03/01/2026,6,30,1,15440.59,15440.59
2,2025-10-28,4,39,2,1839.08,3678.16
3,2026-03-28,5,3,1,4227.75,4227.75
4,2026-05-12,9,6,2,958.95,1917.90
5,2026-01-24,6,23,12,4229.11,50749.32
6,22/02/2026,2,15,1,2081.08,2081.08
7,30/05/2026,5,24,12,1543.36,18520.32
8,2026-07-14,4,3,1,4047.65,4047.65
9,07/05/2026,11,28,4,13686.32,54745.28
10,2026-08-09,12,9,6,1976.11,11856.66
11,2025-12-15,99,28,2,13897.26,27794.52
12,2026-06-18,10,2,2,1409.82,2819.64
13,2026-06-07,,29,4,10161.09,40644.36
14,2026-08-06,3,16,3,13878.57,41635.71
15,2025-10-18,7,12,12,1408.46,16901.52
16,2025-12-14,2,16,2,14683.50,29367.00
17,14/08/2026,2,9,1,1805.32,1805.32
18,17/12/2025,1,38,1,3462.61,3462.61
19,2026-07-09,,21,2,3472.56,6945.12
20,19/10/2025,3,5,12,1542.90,18514.80
21,2026-01-10,9,26,1,3660.91,3660.91
22,27/11/2025,1,17,1,1725.74,1725.74
23,2026-07-25,5,12,1,1332.80,1332.80
24,12/09/2025,6,32,2,18146.19,36292.38
25,02/11/2025,11,13,4,3084.41,12337.64
26,20/01/2026,4,31,6,6559.34,39356.04
27,2025-11-21,4,38,1,3457.98,3457.98
28,2026-05-23,2,39,2,1864.88,3729.76
29,2025-12-08,9,30,6,16046.19,96277.14
30,2025-11-13,2,40,4,4197.92,16791.68
31,04/10/2025,6,34,12,6531.53,78378.36
32,2026-04-23,7,1,1,4943.26,4943.26
33,23/03/2026,10,10,3,2267.21,6801.63
34,2025-12-24,4,30,3,14750.71,44252.13
35,2026-07-26,,19,3,6692.75,20078.25
36,2026-08-21,10,24,3,1510.32,4530.96
37,25/03/2026,2,5,2,1485.46,2970.92
38,15/12/2025,2,11,6,3713.38,22280.28
39,15/10/2025,,6,1,1036.81,1036.81
40,2025-12-04,10,37,4,2137.05,8548.20
41,2025-11-16,9,13,3,3111.98,9335.94
42,2026-01-30,6,40,12,4382.38,52588.56
43,13/02/2026,10,29,1,9812.81,9812.81
44,2026-01-28,6,4,1,2348.69,2348.69
45,2025-12-30,11,24,1,1533.97,1533.97
46,2026-03-10,7,37,1,1870.00,1870.00
47,06/12/2025,10,23,1,4113.19,4113.19
48,2025-10-10,99,7,2,2714.82,5429.64
49,2025-11-02,5,11,2,3511.60,7023.20
50,01/09/2025,11,29,3,10581.56,31744.68
51,22/08/2026,3,36,12,3945.22,47342.64
52,2026-01-13,6,8,1,5483.38,5483.38
53,19/06/2026,1,31,12,6850.47,82205.64
54,2025-09-20,4,40,1,4269.87,4269.87
55,2025-11-03,7,21,1,3176.12,3176.12
56,2025-10-13,10,33,3,3212.06,9636.18
57,2026-02-19,12,36,6,3736.53,22419.18
58,2025-10-18,2,17,4,1801.24,7204.96
59,25/12/2025,6,40,3,4494.99,13484.97
60,2026-03-06,11,8,6,5997.22,35983.32
61,2026-07-13,12,36,6,3853.24,23119.44
62,2026-01-12,7,14,4,6806.37,27225.48
63,2026-08-28,1,39,3,1806.54,5419.62
64,25/06/2026,1,28,2,13717.88,27435.76
65,2025-11-27,12,1,1,5302.80,5302.80
66,2025-12-04,10,22,4,2414.63,9658.52
67,19/11/2025,4,35,4,2524.13,10096.52
68,2026-03-25,2,24,12,1633.90,19606.80
69,2026-03-27,1,37,2,2054.76,4109.52
70,01/12/2025,10,18,1,3162.60,3162.60
71,2026-03-03,3,34,3,5923.83,17771.49
72,2026-02-11,1,23,3,4252.14,12756.42
73,2025-12-21,12,17,3,1730.99,5192.97
74,11/08/2026,10,7,1,2675.46,2675.46
75,08/07/2026,10,40,1,4315.02,4315.02
76,2026-03-15,7,38,2,3404.45,6808.90
77,2026-02-02,9,19,12,6278.32,75339.84
78,2026-04-26,12,39,3,1867.16,5601.48
79,2026-01-14,11,13,1,3068.39,3068.39
80,2026-04-07,3,28,6,13342.80,80056.80
81,2026-04-19,3,23,6,3951.91,23711.46
82,2026-06-13,10,26,12,3616.33,43395.96
83,2025-11-07,4,9,4,1880.37,7521.48
84,2026-04-02,9,22,4,2643.85,10575.40
85,2026-06-15,10,21,3,3116.74,9350.22
86,30/04/2026,12,23,2,3880.38,7760.76
87,2025-09-19,12,30,2,15632.00,31264.00
88,18/10/2025,6,24,12,1469.40,17632.80
89,2025-10-30,99,32,6,18425.62,110553.72
90,2026-04-14,10,38,2,3155.84,6311.68
91,2026-04-22,6,14,12,6835.21,82022.52
92,2026-02-19,12,17,6,1736.99,10421.94
93,30/09/2025,11,5,1,1440.03,1440.03
94,2025-11-07,8,6,6,1002.85,6017.10
95,2026-04-25,12,38,12,3263.19,39158.28
96,2025-12-20,5,37,4,2032.13,8128.52
97,12/01/2026,3,20,6,829.25,4975.50
98,29/08/2026,7,17,4,1798.93,7195.72
99,2026-07-19,12,11,4,3539.75,14159.00
100,2025-10-07,10,28,3,12944.65,38833.95
101,2026-01-16,9,11,1,3503.01,3503.01
102,2026-03-11,4,14,1,6900.03,6900.03
103,2025-11-13,12,21,6,3470.79,$ 20824.74
104,2026-01-30,12,10,4,2377.84,9511.36
105,19/10/2025,8,22,2,2417.68,4835.36
106,29/04/2026,1,7,2,2721.14,5442.28
107,2026-06-14,4,38,4,3502.06,14008.24
108,30/08/2026,6,25,1,2683.29,2683.29
109,2026-05-27,6,33,12,3329.68,39956.16
110,2026-02-25,11,19,6,6042.22,36253.32
111,2025-11-01,8,35,2,2591.72,5183.44
112,2026-03-09,9,22,2,2520.28,5040.56
113,2026-01-08,5,12,3,1340.44,4021.32
114,21/09/2025,4,5,2,1478.43,2956.86
115,2025-11-24,5,24,12,1503.21,18038.52
116,20/03/2026,5,24,12,1540.70,18488.40
117,2026-06-07,4,13,1,2847.44,2847.44
118,2025-10-02,10,14,3,6833.51,20500.53
119,2026-07-30,7,1,1,4671.11,4671.11
120,2026-05-05,12,15,1,2182.46,2182.46
121,2026-04-06,1,1,2,4758.02,9516.04
122,2026-05-08,4,25,3,2842.20,8526.60
123,18/6/2026,11,23,1,4037.41,4037.41
124,2025-10-26,7,40,2,3978.38,7956.76
125,2025-12-24,9,31,2,6063.99,12127.98
126,2026-07-02,10,12,12,1315.40,15784.80
127,19/12/2025,6,29,2,10119.31,20238.62
128,2026-05-24,3,39,12,1766.17,21194.04
129,2026-06-13,3,28,2,13806.12,27612.24
130,2026-05-15,12,36,6,3667.43,22004.58
131,2026-03-15,6,18,2,3146.40,6292.80
132,2025-12-05,1,11,3,3713.83,11141.49
133,2026-06-20,2,6,2,985.16,1970.32
134,08/04/2026,,4,1,2126.62,2126.62
135,2026-06-03,1,6,6,941.67,5650.02
136,2026-08-29,2,32,4,17821.94,71287.76
137,20/12/2025,10,39,2,1847.37,3694.74
138,14/02/2026,5,21,12,3295.28,39543.36
139,28/03/2026,2,14,2,6727.20,$ 13454.40
140,16/10/2025,7,30,4,15796.18,63184.72
141,22/12/2025,9,5,3,1538.35,4615.05
142,2026-01-20,8,2,6,1315.69,7894.14
143,2025-11-29,6,11,4,3628.05,14512.20
144,2025-10-07,5,11,4,3606.50,14426.00
145,2026-03-29,9,40,4,3946.83,15787.32
146,24/03/2026,7,37,1,1977.07,1977.07
147,22/9/2025,6,29,2,10743.12,21486.24
148,2026-06-05,2,2,1,1446.58,1446.58
149,23/10/2025,11,7,1,2736.10,2736.10
150,26/06/2026,5,28,3,13111.11,39333.33
151,2026-02-24,4,38,6,3198.55,19191.30
152,2026-07-20,9,20,2,831.06,1662.12
153,2025-09-09,9,34,6,6559.62,39357.72
154,28/06/2026,1,38,1,3198.97,3198.97
155,09/09/2025,12,23,2,3803.92,7607.84
156,08/06/2026,10,35,1,2391.37,2391.37
157,23/1/2026,,18,2,3103.13,6206.26
158,2026-01-06,99,37,2,2047.31,4094.62
159,2026-06-25,7,9,2,1922.61,3845.22
160,2026-02-10,6,4,2,2364.98,4729.96
161,2025-09-23,4,30,1,15772.39,15772.39
162,2026-05-14,11,22,2,2590.37,5180.74
163,2025-10-02,5,34,12,6382.00,76584.00
164,22/06/2026,10,8,1,5661.65,5661.65
165,2026-08-14,7,22,4,2513.94,10055.76
166,2026-01-22,8,2,12,1384.71,16616.52
167,2026-08-03,3,21,1,3254.05,3254.05
168,2026-06-29,7,32,12,17604.33,211251.96
169,03/06/2026,2,16,3,14564.44,43693.32
170,2026-08-28,6,15,6,2160.98,12965.88
171,17/06/2026,3,33,4,2992.41,11969.64
172,2026-01-24,99,5,12,1625.48,19505.76
173,09/09/2025,3,29,4,10609.76,42439.04
174,2025-12-02,6,30,4,16255.30,65021.20
175,25/01/2026,4,7,1,2715.46,2715.46
176,2026-02-13,7,3,2,3901.54,$ 7803.08
177,2025-12-27,,13,1,2977.41,2977.41
178,2026-07-29,8,12,1,1238.51,1238.51
179,2025-09-26,6,19,4,6209.36,24837.44
180,2026-03-26,7,19,4,5873.94,23495.76
181,23/03/2026,10,20,2,856.09,1712.18
182,28/03/2026,3,10,12,2329.69,27956.28
183,2025-11-08,3,37,1,2108.40,2108.40
184,2025-10-08,4,13,1,2948.66,2948.66
185,2025-10-08,5,22,1,2343.00,2343.00
186,15/08/2026,11,5,12,1612.02,19344.24
187,20/03/2026,7,26,4,3740.59,14962.36
188,2026-01-04,7,10,3,2231.75,6695.25
189,2026-03-18,4,12,3,1411.94,4235.82
190,2025-11-06,2,9,2,1991.21,3982.42
191,2026-06-13,4,15,1,2134.91,2134.91
192,2026-07-16,9,27,4,4218.83,16875.32
193,7/7/2026,4,7,3,2706.92,8120.76
194,2026-05-08,6,8,1,5866.09,5866.09
195,31/10/2025,,33,1,3204.22,3204.22
196,20/09/2025,11,30,12,15977.13,$ 191725.56
197,2026-02-11,4,9,12,2019.67,24236.04
198,2025-11-15,1,2,2,1270.74,2541.48
199,2026-06-23,7,4,3,2362.02,$ 7086.06
200,2026-01-20,4,28,1,13246.79,13246.79
201,2026-06-12,9,33,2,3129.18,6258.36
202,2025-09-06,11,11,1,3696.52,3696.52
203,2025-12-16,5,12,3,1259.49,3778.47
204,2026-07-12,7,15,1,2279.01,2279.01
205,12/08/2026,1,36,12,3703.29,44439.48
206,2026-07-06,1,16,1,14546.13,14546.13
207,08/12/2025,12,7,3,2797.16,8391.48
208,15/06/2026,3,25,2,2902.89,5805.78
209,3/6/2026,8,30,2,16761.58,33523.16
210,2025-10-06,12,15,1,2011.00,$ 2011.00
211,2026-03-03,5,10,1,2406.32,2406.32
212,2026-07-13,8,4,1,2172.18,2172.18
213,2025-10-05,12,12,1,1352.25,1352.25
214,2025-12-01,3,25,1,2731.70,2731.70
215,13/04/2026,2,8,12,5952.39,71428.68
216,2025-10-02,1,21,1,3434.52,3434.52
217,30/11/2025,10,24,2,1588.36,3176.72
218,2026-03-12,1,33,2,3156.48,6312.96
219,06/04/2026,,1,3,5011.55,15034.65
220,2025-10-12,8,13,2,2942.64,5885.28
221,26/01/2026,2,1,2,5274.15,10548.30
222,2026-03-18,12,10,2,2217.07,4434.14
223,21/04/2026,10,32,12,17239.21,206870.52
224,2026-05-18,4,35,4,2495.44,9981.76
225,2025-09-30,1,23,2,4146.45,8292.90
226,05/08/2026,10,39,4,1677.02,6708.08
227,2026-02-26,4,26,1,3610.65,3610.65
228,2026-08-30,3,37,1,2057.57,2057.57
229,21/05/2026,7,21,1,3143.66,3143.66
230,2026-01-29,7,35,12,2578.91,30946.92
231,2026-02-23,8,11,2,3564.64,7129.28
232,2026-08-30,5,22,2,2412.89,4825.78
233,2026-06-08,7,18,4,2835.65,11342.60
234,18/10/2025,10,9,12,1916.48,22997.76
235,2026-05-04,4,29,2,10370.10,20740.20
236,2026-04-04,12,36,1,3719.27,$ 3719.27
237,13/9/2025,5,29,1,9669.83,9669.83
238,2026-08-02,12,34,2,6499.51,12999.02
239,20/11/2025,2,15,1,2258.90,2258.90
240,24/02/2026,10,4,12,2314.74,$ 27776.88
241,2026-06-24,7,29,3,9744.40,29233.20
242,2026-06-06,7,8,2,5723.61,11447.22
243,2025-11-13,99,7,1,2875.53,2875.53
244,2025-11-08,3,4,1,2096.05,2096.05
245,19/07/2026,12,16,6,14141.87,84851.22
246,2026-08-03,2,19,2,5845.50,11691.00
247,30/06/2026,2,30,6,16926.36,101558.16
248,2025-12-13,12,8,4,5481.30,21925.20
249,2026-07-12,2,17,6,1685.91,10115.46
250,18/2/2026,5,6,6,968.84,5813.04
251,2026-04-22,12,40,6,4158.53,24951.18
252,24/09/2025,7,28,1,13364.93,13364.93
253,2026-06-06,12,38,1,3336.44,3336.44
254,2025-09-08,4,1,1,5058.23,5058.23
255,2026-04-06,12,21,6,3235.55,19413.30
256,2026-08-11,7,16,3,14233.47,42700.41
257,2026-07-24,11,31,2,6528.73,13057.46
258,2026-02-25,1,999,2,962.89,1925.78
259,2025-10-16,8,17,2,1781.81,3563.62
260,2026-07-18,99,28,1,13624.35,13624.35
261,2026-06-11,3,26,1,4060.02,4060.02
262,2025-12-05,6,6,1,1029.32,1029.32
263,2025-10-06,10,2,3,1377.66,4132.98
264,18/05/2026,5,35,4,2295.60,9182.40
265,2025-12-01,11,1,6,4629.78,27778.68
266,2026-06-08,7,39,1,1820.17,1820.17
267,2026-08-12,1,24,1,1499.84,1499.84
268,2025-09-30,9,17,2,1652.40,$ 3304.80
269,2026-06-21,2,11,1,3543.80,3543.80
270,2026-08-18,7,28,2,13815.61,27631.22
271,2026-06-19,5,23,1,3918.20,3918.20
272,2026-01-27,3,10,2,2382.69,4765.38
273,2026-04-23,11,14,1,7126.24,7126.24
274,2025-11-06,2,27,3,4350.63,13051.89
275,2025-12-11,11,20,3,791.27,2373.81
276,2025-12-02,12,13,6,3252.98,19517.88
277,2026-05-25,,34,4,6089.03,24356.12
278,2026-06-25,3,34,1,5852.70,5852.70
279,2025-10-31,12,36,3,3497.63,10492.89
280,8/4/2026,7,17,3,1765.37,5296.11
281,21/06/2026,7,21,3,3231.53,9694.59
282,19/08/2026,12,14,1,6809.18,6809.18
283,27/02/2026,9,18,6,3059.22,18355.32
284,2026-01-24,9,38,1,3556.62,3556.62
285,2026-04-18,10,31,1,6614.62,6614.62
286,2025-10-14,7,40,2,4047.84,8095.68
287,2026-08-03,3,37,4,1913.36,7653.44
288,2026-07-13,2,29,6,9415.57,56493.42
289,20/10/2025,10,4,12,2081.73,24980.76
290,2025-11-22,2,32,6,17117.25,102703.50
291,2025-10-04,9,16,4,14619.44,58477.76
292,15/8/2026,1,4,12,2209.60,26515.20
293,2025-12-10,5,4,4,2273.14,9092.56
294,2026-02-07,11,28,4,12957.78,51831.12
295,22/2/2026,9,19,3,6387.17,19161.51
296,2026-08-11,1,1,1,5270.26,5270.26
297,2026-01-09,7,18,1,2790.65,2790.65
298,2026-06-21,4,21,12,3371.28,40455.36
299,2026-05-27,11,18,1,3003.56,3003.56
300,2026-08-21,,28,6,13259.48,79556.88
301,2025-11-14,1,35,1,2556.91,2556.91
302,2026-08-01,11,1,2,4975.58,9951.16
303,2026-03-01,5,8,1,5643.47,5643.47
304,5/6/2026,5,37,3,2046.73,6140.19
305,2026-08-04,7,27,2,4101.37,8202.74
306,2026-06-26,11,29,1,9828.29,9828.29
307,2026-04-07,8,13,1,3107.04,3107.04
308,2026-01-08,9,3,12,4307.18,51686.16
309,02/06/2026,3,10,12,2403.75,28845.00
310,2025-11-17,,17,3,1626.55,4879.65
311,2026-01-30,1,7,1,2734.82,2734.82
312,2026-04-25,7,13,4,3064.01,12256.04
313,04/01/2026,8,18,6,2858.74,17152.44
314,2026-06-19,8,28,6,12655.82,75934.92
315,2026-01-18,4,14,2,7503.21,15006.42
316,2025-09-07,9,11,2,3755.93,7511.86
317,01/04/2026,9,2,2,1409.06,2818.12
318,2025-10-01,5,7,1,2663.19,2663.19
319,2025-10-20,8,23,3,3955.92,11867.76
320,2026-05-04,2,26,3,3684.62,11053.86
321,08/04/2026,11,13,2,2930.52,5861.04
322,2025-12-09,7,8,12,5491.55,65898.60
323,2025-12-12,3,37,2,2041.96,4083.92
324,2026-05-12,7,35,6,2493.03,14958.18
325,2025-12-12,9,29,2,9579.88,19159.76
326,20/10/2025,7,12,2,1348.25,2696.50
327,13/07/2026,11,33,3,2973.94,8921.82
328,2026-01-04,9,30,1,16246.54,16246.54
329,2025-09-26,2,31,6,6655.01,39930.06
330,2025-11-27,9,10,2,2500.39,5000.78
331,2025-10-10,10,35,1,2472.21,2472.21
332,2026-05-16,2,19,1,6537.33,$ 6537.33
333,2026-01-05,11,30,3,14831.71,44495.13
334,2025-10-18,5,10,2,2452.05,4904.10
335,2025-10-14,9,14,1,7470.01,7470.01
336,2026-03-25,5,39,1,1869.40,1869.40
337,2026-01-26,8,33,1,3402.68,3402.68
338,2025-10-31,8,29,12,9847.03,118164.36
339,2026-04-16,5,29,1,9851.43,9851.43
340,2026-03-28,10,999,1,1072.92,$ 1072.92
341,2026-02-25,9,10,6,2525.43,$ 15152.58
342,12/12/2025,11,21,2,3083.39,6166.78
343,2026-06-13,11,24,2,1480.00,2960.00
344,2026-07-26,9,23,2,4346.91,8693.82
345,2026-02-05,9,40,1,4149.74,4149.74
346,2025-11-08,8,6,2,1063.33,2126.66
347,2026-06-08,6,10,1,2532.21,2532.21
348,2025-11-07,9,3,2,3891.43,7782.86
349,2025-09-10,1,30,1,16073.15,16073.15
350,2025-10-01,5,26,6,3822.75,22936.50
351,2026-01-04,8,30,2,16478.03,32956.06
352,2025-12-07,2,29,6,9804.90,58829.40
353,2025-10-14,6,38,1,3469.52,3469.52
354,29/07/2026,,26,2,3762.09,7524.18
355,03/02/2026,10,5,6,1445.64,8673.84
356,2026-04-11,6,15,4,2229.43,8917.72
357,2025-11-11,3,32,6,18179.45,109076.70
358,05/11/2025,12,1,3,4748.72,14246.16
359,20/4/2026,2,27,2,4049.01,8098.02
360,2026-05-18,5,10,4,2421.48,9685.92
361,2025-12-16,1,5,3,1414.91,4244.73
362,22/9/2025,1,13,2,2962.17,5924.34
363,2026-03-14,8,26,1,3682.16,3682.16
364,2026-04-10,4,2,3,1426.90,4280.70
365,20/07/2026,5,37,2,1958.50,3917.00
366,2025-12-13,9,8,4,5597.30,22389.20
367,2025-09-17,2,2,12,1274.18,15290.16
368,2025-11-14,1,10,1,2313.55,$ 2313.55
369,15/04/2026,11,34,1,5939.45,5939.45
370,2025-11-12,3,15,1,2147.92,2147.92
371,2026-07-14,3,1,12,5196.75,62361.00
372,2026-05-24,3,38,1,3338.45,3338.45
373,2026-08-24,,7,6,2658.19,15949.14
374,2025-12-18,11,39,4,1800.54,7202.16
375,2026-02-26,6,22,1,2640.07,2640.07
376,14/03/2026,10,2,12,1414.63,16975.56
377,2026-08-19,12,14,1,7133.74,7133.74
378,14/07/2026,1,5,1,1598.34,1598.34
379,2026-05-08,3,23,3,4123.06,12369.18
380,2026-04-18,6,1,1,4719.94,4719.94
381,03/12/2025,,999,2,1003.50,2007.00
382,2026-06-01,9,23,2,4058.00,8116.00
383,2026-01-24,11,19,2,5967.26,11934.52
384,2026-01-28,8,18,12,3024.86,36298.32
385,2026-04-03,12,3,2,3876.23,7752.46
386,2025-11-16,2,14,12,6842.77,$ 82113.24
387,2026-03-08,6,4,3,2242.39,6727.17
388,2025-11-01,5,6,1,987.14,987.14
389,04/03/2026,7,4,2,2214.37,4428.74
390,2026-05-10,7,7,1,3000.91,3000.91
391,2026-05-03,1,36,1,3658.48,3658.48
392,2026-06-03,11,4,12,2333.36,28000.32
393,14/06/2026,99,2,2,1369.77,2739.54
394,2026-07-13,5,35,1,2326.52,2326.52
395,23/07/2026,9,1,4,4651.12,18604.48
396,2025-10-02,7,9,3,2015.91,6047.73
397,12/05/2026,7,38,1,3588.69,3588.69
398,09/01/2026,8,9,4,1901.77,7607.08
399,2025-09-04,8,8,2,5370.94,10741.88
400,2025-10-15,4,3,6,4031.81,24190.86
401,13/05/2026,10,39,4,1682.27,6729.08
402,2026-06-01,1,18,1,3148.38,3148.38
403,13/04/2026,4,38,4,3620.94,14483.76
404,2026-04-05,2,32,3,16903.79,50711.37
405,2025-11-07,11,999,1,1020.93,1020.93
406,2026-05-28,6,2,3,1334.14,4002.42
407,2026-01-08,4,39,1,1618.91,1618.91
408,2026-03-07,12,28,1,13738.48,13738.48
409,2026-03-26,7,7,2,3015.53,6031.06
410,22/08/2026,11,27,1,4217.01,4217.01
411,2026-05-07,3,20,12,751.82,9021.84
412,2026-07-29,2,37,1,1887.37,1887.37
413,2025-09-09,1,35,1,2635.44,2635.44
414,22/02/2026,2,18,1,3004.98,3004.98
415,2026-07-14,2,36,2,3679.00,7358.00
416,2026-06-22,6,20,4,821.83,3287.32
417,18/07/2026,5,15,1,2252.94,2252.94
418,2026-01-31,5,29,1,10211.88,10211.88
419,23/04/2026,5,19,2,5829.25,11658.50
420,2026-08-23,7,7,2,3014.98,6029.96
421,05/10/2025,2,30,2,14928.00,29856.00
422,24/09/2025,,7,4,2741.12,10964.48
423,2026-06-06,10,24,1,1570.56,1570.56
424,2026-02-08,4,16,4,15408.52,61634.08
425,06/03/2026,7,27,12,4342.90,52114.80
426,2026-06-08,7,23,2,4280.78,8561.56
427,2026-02-28,6,40,6,4131.86,24791.16
428,2026-02-12,8,39,2,1726.39,3452.78
429,2026-01-26,2,22,12,2689.51,32274.12
430,2025-12-30,6,38,1,3555.27,3555.27
431,2025-09-26,3,1,2,4823.93,9647.86
432,31/10/2025,11,40,1,3975.01,3975.01
433,15/04/2026,7,23,1,4256.22,4256.22
434,2026-06-25,2,19,2,6549.83,13099.66
435,2026-03-18,8,8,1,5350.27,5350.27
436,2025-11-22,1,35,3,2425.15,7275.45
437,2025-11-23,10,40,2,4328.69,8657.38
438,2026-04-09,9,20,12,785.66,9427.92
439,2026-04-07,6,5,3,1622.45,4867.35
440,26/5/2026,7,38,12,3572.98,$ 42875.76
441,2026-08-20,9,27,2,4236.16,8472.32
442,27/11/2025,11,21,2,3317.06,6634.12
443,2026-07-10,7,40,1,4500.13,4500.13
444,2026-03-11,11,3,1,3846.37,3846.37
445,26/07/2026,2,26,3,4080.72,12242.16
446,2026-07-06,4,19,2,6199.46,12398.92
447,2026-06-22,6,35,6,2493.09,14958.54
448,2026-08-10,99,8,6,5583.60,33501.60
449,06/10/2025,7,5,12,1441.63,17299.56
450,2026-07-17,1,18,2,2851.55,5703.10
451,2026-05-08,1,35,1,2505.56,2505.56
452,2026-06-04,9,14,4,6705.60,$ 26822.40
453,13/05/2026,2,14,3,6584.27,19752.81
454,10/09/2025,5,15,1,2075.38,2075.38
455,14/02/2026,4,3,6,4267.81,25606.86
456,26/08/2026,11,27,1,4258.74,4258.74
457,2026-08-16,10,1,3,5146.21,15438.63
458,2026-01-02,9,39,12,1649.64,19795.68
459,2026-03-12,3,1,2,5239.84,10479.68
460,2026-01-01,6,36,12,3567.84,42814.08
461,2026-06-23,3,33,1,3286.98,3286.98
462,2026-06-25,10,4,12,2159.43,25913.16
463,2025-10-07,7,31,12,6513.52,78162.24
464,2026-08-01,12,23,1,4156.57,4156.57
465,2025-10-16,1,2,4,1345.14,5380.56
466,31/12/2025,6,16,1,13961.07,13961.07
467,2026-08-23,5,23,1,3884.63,3884.63
468,06/06/2026,2,39,1,1729.97,1729.97
469,2026-04-18,1,2,3,1432.79,4298.37
470,16/12/2025,11,19,1,6206.28,6206.28
471,2026-05-30,7,20,12,792.42,9509.04
472,2026-01-20,4,12,3,1274.30,3822.90
473,2026-01-05,99,28,3,13595.19,40785.57
474,2026-03-24,,25,12,2663.17,31958.04
475,28/05/2026,1,39,2,1660.18,3320.36
476,2026-06-22,4,33,1,3179.09,3179.09
477,2026-06-28,6,32,12,17421.78,209061.36
478,07/07/2026,3,12,1,1409.46,1409.46
479,09/08/2026,4,1,1,5047.39,5047.39
480,2025-11-03,1,35,2,2389.13,4778.26
481,24/5/2026,9,25,6,2730.60,16383.60
482,2026-06-20,12,16,2,14275.65,28551.30
483,2026-07-30,3,36,12,3693.51,44322.12
484,21/04/2026,2,15,1,2124.46,2124.46
485,2025-10-15,10,18,1,2846.16,2846.16
486,2026-08-19,,32,6,17579.95,105479.70
487,17/03/2026,6,4,1,2257.71,2257.71
488,2025-09-20,,38,3,3425.08,10275.24
489,2025-09-19,6,29,4,9452.69,37810.76
490,2026-08-04,5,7,2,2762.42,5524.84
491,2025-10-21,9,36,3,3936.24,11808.72
492,2026-08-19,1,16,6,15615.66,93693.96
493,2026-05-30,6,12,3,1315.30,3945.90
494,2025-11-30,10,33,4,2964.77,11859.08
495,25/08/2026,4,25,2,2798.90,5597.80
496,03/09/2025,9,6,1,1078.34,1078.34
497,2026-04-20,1,22,3,2433.58,7300.74
498,2026-05-24,9,35,6,2335.79,14014.74
499,29/6/2026,11,37,1,2044.16,2044.16
500,2025-09-18,2,10,2,2475.75,4951.50
501,17/10/2025,12,31,1,6117.43,6117.43
502,21/09/2025,10,33,1,3174.00,3174.00
503,2025-09-04,9,36,2,3914.65,7829.30
504,2025-10-11,4,35,4,2546.29,10185.16
505,19/4/2026,5,10,1,2526.32,2526.32
506,2025-12-07,2,29,1,10294.74,10294.74
507,27/11/2025,6,23,1,4215.15,4215.15
508,2026-08-03,1,30,1,15918.71,15918.71
509,2025-12-04,2,29,3,10378.82,31136.46
510,2025-09-26,9,22,1,2566.87,2566.87
511,2026-05-18,10,33,6,3056.40,18338.40
512,2025-10-08,3,5,1,1564.23,1564.23
513,02/01/2026,6,27,2,4442.07,8884.14
514,2026-01-12,12,14,3,7223.70,$ 21671.10
515,2026-02-08,5,13,2,3212.34,6424.68
516,26/10/2025,11,36,4,3620.27,14481.08
517,02/11/2025,9,30,3,16696.35,50089.05
518,2025-11-04,3,33,2,3266.72,6533.44
519,2026-08-18,12,40,1,4491.43,4491.43
520,03/11/2025,99,1,1,5253.44,5253.44
521,2026-01-01,99,38,1,3157.39,3157.39
522,2026-07-20,7,36,1,3579.04,3579.04
523,2026-05-03,5,22,6,2652.48,15914.88
524,23/03/2026,11,21,1,3294.26,3294.26
525,2025-11-30,6,13,6,3198.84,19193.04
526,2026-03-26,3,2,1,1358.20,1358.20
527,2026-05-02,4,34,6,6428.63,38571.78
528,2026-04-23,6,21,4,3145.53,12582.12
529,01/08/2026,9,36,12,3685.28,44223.36
530,2026-07-18,2,14,4,6782.98,27131.92
531,2026-07-16,,38,1,3419.21,3419.21
532,2026-05-04,12,5,1,1426.19,1426.19
533,2025-10-14,10,3,4,4347.30,17389.20
534,21/12/2025,8,11,1,3535.00,3535.00
535,2026-01-16,8,1,2,5075.14,10150.28
536,12/03/2026,7,24,1,1431.93,1431.93
537,21/12/2025,8,34,2,6121.88,12243.76
538,2025-12-16,6,16,1,15272.31,15272.31
539,08/12/2025,6,28,2,12283.83,24567.66
540,2025-11-25,5,23,12,4217.95,50615.40
541,2026-01-28,8,20,6,811.64,4869.84
542,2025-12-23,11,3,3,3977.23,11931.69
543,2026-02-10,12,32,4,17488.22,69952.88
544,2025-11-16,11,31,6,6548.07,39288.42
545,2025-10-08,8,30,3,15104.98,45314.94
546,2025-11-03,10,32,6,17774.83,106648.98
547,18/05/2026,10,28,12,13191.03,158292.36
548,06/10/2025,8,30,3,15981.87,47945.61
549,23/03/2026,7,5,4,1542.34,6169.36
550,2026-08-29,9,11,2,3618.56,7237.12
551,2025-12-23,8,28,1,13070.10,13070.10
552,2025-09-18,,3,3,4159.31,12477.93
553,14/10/2025,8,37,6,1852.52,11115.12
554,2026-01-10,11,33,1,3343.79,3343.79
555,2025-10-24,1,7,1,2961.10,2961.10
556,2026-07-24,9,34,2,6449.92,12899.84
557,2025-11-23,1,9,1,1953.66,1953.66
558,30/8/2026,12,21,2,3456.91,6913.82
559,2026-03-19,3,9,2,1951.24,3902.48
560,03/01/2026,12,12,3,1410.83,4232.49
561,29/12/2025,9,3,4,4296.81,17187.24
562,09/05/2026,7,7,1,2728.13,2728.13
563,15/04/2026,5,34,4,5934.52,23738.08
564,10/03/2026,12,1,2,4762.45,9524.90
565,2025-12-28,8,9,1,1777.19,1777.19
566,2026-07-08,10,35,12,2385.65,28627.80
567,2025-10-01,2,6,1,1025.96,1025.96
568,2025-11-17,8,37,6,2124.85,12749.10
569,13/05/2026,2,37,4,1947.75,7791.00
570,2026-06-13,8,16,1,13776.38,13776.38
571,2025-10-05,11,29,4,9907.54,39630.16
572,2025-11-16,9,38,1,3389.30,3389.30
573,2026-08-12,12,3,2,3974.70,7949.40
574,2026-07-23,4,8,6,5597.24,33583.44
575,2025-10-11,7,4,1,2356.55,2356.55
576,2026-05-04,2,3,6,3954.91,23729.46
577,2026-06-29,9,33,12,3409.62,40915.44
578,2026-06-20,5,14,12,7217.30,86607.60
579,19/11/2025,7,22,2,2468.23,4936.46
580,21/08/2026,7,39,12,1730.17,$ 20762.04
581,2026-04-24,2,1,4,5067.91,20271.64
582,2026-01-26,1,24,12,1444.87,17338.44
583,2026-02-24,1,25,2,2519.92,5039.84
584,22/03/2026,10,38,1,3393.14,3393.14
585,02/06/2026,10,24,2,1449.62,2899.24
586,2026-06-04,,4,1,2238.01,2238.01
587,21/3/2026,,17,2,1759.80,3519.60
588,2026-05-16,6,7,3,2897.14,8691.42
589,2026-05-19,10,36,2,3914.53,7829.06
590,18/2/2026,12,22,2,2546.08,5092.16
591,2025-10-31,1,40,1,4074.95,4074.95
592,2026-04-04,1,29,2,9665.75,19331.50
593,2026-01-30,5,7,1,2764.98,2764.98
594,2025-09-09,1,23,1,3841.58,3841.58
595,2025-09-07,11,4,2,2308.32,4616.64
596,2025-10-03,3,20,4,755.05,3020.20
597,2025-10-11,5,22,1,2333.54,2333.54
598,2026-08-16,10,28,2,14121.10,28242.20
599,2026-08-30,3,28,1,12541.76,12541.76
600,2025-10-14,5,3,12,3819.39,45832.68
601,2026-04-13,9,3,1,3791.53,3791.53
602,2026-07-13,11,30,1,14801.29,14801.29
603,2026-04-25,3,30,4,15646.37,62585.48
604,13/05/2026,1,38,2,3308.30,6616.60
605,2026-05-16,6,18,1,2977.23,2977.23
606,2026-01-26,4,2,12,1276.92,15323.04
607,2026-02-17,7,31,6,6713.66,40281.96
608,2026-08-04,4,29,1,9684.12,$ 9684.12
609,15/01/2026,5,20,1,753.79,$ 753.79
610,29/04/2026,5,28,1,14148.94,14148.94
611,2026-04-18,3,7,2,2859.90,5719.80
612,14/12/2025,,18,4,2770.77,11083.08
613,2025-10-12,2,9,3,2001.36,6004.08
614,15/10/2025,12,16,6,14404.05,86424.30
615,23/05/2026,7,28,12,12505.29,$ 150063.48
616,07/02/2026,4,4,2,2123.73,4247.46
617,2026-01-08,8,17,2,1687.87,3375.74
618,2026-06-30,7,14,1,6997.10,6997.10
619,2026-07-08,3,35,1,2628.51,2628.51
620,20/08/2026,11,9,1,2010.80,2010.80
621,02/03/2026,6,13,1,3030.62,3030.62
622,2025-09-05,8,2,4,1424.17,5696.68
623,24/09/2025,3,18,1,2980.27,2980.27
624,2026-06-05,3,14,4,7198.57,28794.28
625,2026-02-20,,9,4,1893.15,7572.60
626,08/06/2026,6,31,1,6339.33,6339.33
627,24/04/2026,1,31,4,6668.61,26674.44
628,16/11/2025,4,16,12,15663.55,187962.60
629,2025-10-25,7,21,3,3489.49,10468.47
630,2025-12-08,11,32,3,19313.35,57940.05
631,2025-10-14,12,26,12,3597.06,43164.72
632,30/07/2026,12,9,1,1981.56,1981.56
633,2026-07-25,11,27,2,4287.81,8575.62
634,06/05/2026,5,36,1,3895.71,3895.71
635,14/4/2026,5,31,1,6143.20,6143.20
636,2026-08-25,6,15,4,2043.09,8172.36
637,12/06/2026,6,23,2,4217.32,8434.64
638,10/01/2026,7,19,3,6217.25,18651.75
639,2026-03-30,4,8,4,5920.41,23681.64
640,2026-04-22,6,7,4,2984.54,11938.16
641,1/5/2026,1,6,6,1039.83,6238.98
642,08/02/2026,10,20,6,825.67,4954.02
643,2026-02-02,4,33,1,3306.97,3306.97
644,2026-04-12,8,29,2,10134.40,20268.80
645,21/1/2026,3,33,3,3209.00,9627.00
646,03/03/2026,7,28,1,12771.64,12771.64
647,22/04/2026,3,22,1,2376.35,2376.35
648,2026-05-23,7,39,4,1753.52,7014.08
649,2026-06-29,5,16,1,14874.75,14874.75
650,06/03/2026,10,15,2,2123.71,4247.42
651,2026-04-11,10,4,6,2075.51,12453.06
652,2026-03-21,,31,4,6430.81,25723.24
653,23/12/2025,3,13,1,2886.55,2886.55
654,2026-06-21,4,5,6,1497.85,8987.10
655,2025-11-29,3,20,4,840.34,3361.36
656,2026-02-11,10,11,2,3571.65,7143.30
657,2026-01-06,12,5,6,1444.83,8668.98
658,2025-10-26,2,34,4,6122.82,24491.28
659,10/09/2025,2,11,1,3521.38,3521.38
660,2026-07-12,7,31,1,6463.75,6463.75
661,2025-12-11,5,11,2,3719.48,7438.96
662,18/7/2026,6,7,1,2736.90,2736.90
663,2026-03-04,2,19,3,6256.21,18768.63
664,2026-08-28,7,25,3,2703.84,8111.52
665,12/09/2025,11,9,3,1864.98,5594.94
666,5/4/2026,1,31,1,6382.99,6382.99
667,2025-12-11,7,15,2,2023.94,4047.88
668,25/12/2025,3,10,2,2400.51,4801.02
669,08/07/2026,2,10,3,2253.86,6761.58
670,2026-02-07,7,28,12,14175.21,170102.52
671,16/10/2025,1,8,2,5422.56,10845.12
672,2026-07-30,2,23,2,3986.04,7972.08
673,19/09/2025,9,22,1,2694.31,2694.31
674,2026-04-08,9,17,4,1724.22,6896.88
675,24/08/2026,1,22,2,2668.73,5337.46
676,2026-05-13,12,2,12,1425.57,17106.84
677,31/07/2026,2,13,1,3253.49,3253.49
678,01/12/2025,4,11,12,3698.88,44386.56
679,27/04/2026,3,12,1,1306.26,1306.26
680,2026-07-22,11,9,2,1848.00,3696.00
681,13/03/2026,3,39,1,1751.49,1751.49
682,20/02/2026,1,39,4,1799.58,7198.32
683,21/01/2026,12,7,3,3012.75,9038.25
684,2026-03-05,7,33,1,3357.98,3357.98
685,2025-09-08,4,9,2,1774.36,3548.72
686,6/2/2026,7,14,2,7053.61,14107.22
687,2026-08-31,7,16,2,15189.16,30378.32
688,2026-08-27,12,6,12,1080.28,12963.36
689,2026-07-22,10,27,6,4458.19,26749.14
690,2026-01-10,11,7,2,2868.87,5737.74
691,2026-08-25,9,34,1,6403.07,6403.07
692,2026-03-05,10,24,3,1433.59,4300.77
693,2026-05-19,2,7,1,3054.95,3054.95
694,2025-09-07,12,21,1,3059.96,3059.96
695,20/06/2026,5,7,1,3022.74,3022.74
696,2026-01-21,7,35,6,2404.75,14428.50
697,2026-03-27,11,26,6,3652.38,21914.28
698,2026-07-29,1,22,3,2659.46,7978.38
699,2026-08-14,11,40,1,4301.43,4301.43
700,2025-11-01,10,33,1,3304.21,3304.21
701,2025-11-03,,6,2,983.46,1966.92
702,16/03/2026,9,18,12,2803.59,33643.08
703,7/4/2026,99,29,12,9525.60,114307.20
704,05/09/2025,11,25,2,2712.23,5424.46
705,2026-07-04,6,14,2,7116.56,14233.12
706,2025-10-24,7,25,1,2799.75,2799.75
707,02/06/2026,10,34,1,5886.87,5886.87
708,2025-10-04,2,17,1,1774.49,1774.49
709,2025-12-30,8,29,1,10490.63,10490.63
710,2026-03-31,11,21,6,3434.33,$ 20605.98
711,2026-05-11,3,36,1,3437.82,3437.82
712,2026-02-01,2,25,4,2779.67,11118.68
713,2026-07-27,,40,2,4321.55,8643.10
714,2025-09-15,4,9,6,2002.64,12015.84
715,2025-12-12,9,16,1,14263.30,14263.30
716,2025-09-13,7,12,4,1314.51,5258.04
717,2026-05-29,10,26,6,3881.25,23287.50
718,2025-12-30,1,12,1,1370.76,1370.76
719,2026-07-28,3,11,1,3743.00,3743.00
720,2026-05-30,8,10,1,2536.25,2536.25
721,04/04/2026,3,2,3,1258.68,3776.04
722,2026-04-13,4,11,4,3317.65,13270.60
723,29/12/2025,1,39,4,1714.62,6858.48
724,29/05/2026,7,1,1,5283.39,5283.39
725,2025-11-18,6,13,2,3060.08,6120.16
726,2026-08-18,9,21,12,3256.95,39083.40
727,2025-11-20,5,16,1,14600.34,14600.34
728,2026-06-16,8,27,6,4363.37,26180.22
729,2025-11-12,3,33,6,3403.27,20419.62
730,2026-05-26,3,6,1,969.51,969.51
731,2026-06-09,6,23,3,3949.54,11848.62
732,2026-01-07,3,37,1,2075.58,2075.58
733,2025-10-30,2,33,3,3219.79,9659.37
734,01/12/2025,,4,1,2174.77,2174.77
735,2026-07-10,11,12,4,1348.12,5392.48
736,2026-07-02,3,9,4,1781.30,7125.20
737,2025-11-02,9,18,2,3115.60,6231.20
738,2026-05-19,11,25,1,2618.44,2618.44
739,2026-08-30,6,25,1,2813.73,2813.73
740,2026-03-07,2,32,6,17215.13,103290.78
741,2026-03-17,3,15,12,2082.88,24994.56
742,2026-01-17,6,38,1,3179.16,3179.16
743,2025-09-06,99,2,4,1258.06,5032.24
744,28/01/2026,12,2,1,1362.16,1362.16
745,24/10/2025,2,34,1,6181.24,6181.24
746,2026-06-04,,25,1,2710.16,2710.16
747,22/01/2026,4,25,4,2857.84,11431.36
748,2025-09-04,9,10,12,2509.13,30109.56
749,1/9/2025,10,30,12,16042.50,$ 192510.00
750,2026-04-22,3,9,1,1774.38,1774.38
751,2026-03-21,4,28,1,13122.29,13122.29
752,2026-08-05,6,23,2,4222.72,8445.44
753,2026-03-14,11,2,3,1396.41,4189.23
754,15/04/2026,12,13,6,3136.82,18820.92
755,21/10/2025,12,4,3,2197.36,6592.08
756,17/11/2025,2,32,2,17367.27,34734.54
757,2025-09-21,11,33,1,3030.79,3030.79
758,5/6/2026,5,2,2,1396.19,2792.38
759,2026-04-01,1,2,12,1327.69,$ 15932.28
760,10/7/2026,6,10,1,2523.04,2523.04
761,14/09/2025,10,36,1,3440.34,3440.34
762,2026-01-07,8,17,4,1603.10,6412.40
763,2025-10-22,10,23,6,4318.13,$ 25908.78
764,2025-11-12,9,2,2,1408.98,2817.96
765,2026-08-18,2,12,6,1362.26,8173.56
766,2026-01-24,11,29,3,10500.18,31500.54
767,2026-07-30,9,23,2,3850.43,7700.86
768,03/07/2026,12,10,1,2328.77,2328.77
769,2026-05-28,7,35,1,2558.58,2558.58
770,2025-10-31,4,36,1,3505.23,3505.23
771,2026-01-30,10,25,4,2855.20,11420.80
772,2026-07-10,8,7,2,2665.48,5330.96
773,2025-09-03,99,29,3,10757.54,32272.62
774,2026-08-15,11,1,6,4842.98,29057.88
775,2026-02-20,5,27,1,4056.21,4056.21
776,2025-12-10,11,15,1,2259.72,2259.72
777,13/01/2026,,27,12,4513.66,54163.92
778,18/07/2026,7,19,2,6101.62,12203.24
779,2026-07-25,2,6,3,946.96,2840.88
780,2026-08-01,7,7,3,2713.63,8140.89
781,2026-04-19,2,40,3,4092.02,12276.06
782,21/08/2026,1,38,1,3223.09,3223.09
783,2026-04-18,11,13,2,3111.39,6222.78
784,2025-11-21,11,10,1,2473.63,2473.63
785,28/7/2026,6,32,2,17836.31,35672.62
786,2025-10-13,9,21,2,3516.02,7032.04
787,2026-07-08,6,12,12,1340.26,16083.12
788,16/07/2026,11,17,1,1630.43,1630.43
789,2025-09-07,,36,1,3858.54,3858.54
790,2026-04-15,7,10,1,2280.28,2280.28
791,2026-06-04,6,1,1,5218.28,5218.28
792,04/11/2025,1,8,4,5583.36,22333.44
793,2026-04-09,3,29,4,10707.48,42829.92
794,2025-12-08,8,21,4,3304.14,13216.56
795,2026-04-11,11,17,1,1590.43,1590.43
796,2025-10-12,10,30,6,14979.95,89879.70
797,2025-10-19,9,18,3,2967.68,8903.04
798,2025-10-03,3,29,1,9977.90,9977.90
799,2026-01-01,12,39,1,1775.41,1775.41
800,2025-11-25,3,36,6,3574.50,21447.00
801,2025-11-09,4,5,1,1523.12,1523.12
802,2025-09-14,6,20,3,792.30,2376.90
803,2026-02-15,8,6,1,994.95,994.95
804,02/04/2026,9,21,4,3139.45,12557.80
805,2025-12-12,5,27,12,4277.72,51332.64
806,2025-09-07,8,33,2,3108.92,6217.84
807,2025-11-20,11,3,1,4177.70,4177.70
808,2026-04-23,8,1,4,5060.71,20242.84
809,2026-02-13,4,30,2,16031.25,32062.50
810,2026-01-06,8,2,3,1348.43,4045.29
811,2026-05-07,10,26,4,3858.56,15434.24
812,02/02/2026,8,35,1,2396.80,2396.80
813,2026-06-14,12,31,2,6797.33,13594.66
814,2025-10-02,8,12,1,1372.61,1372.61
815,2025-10-27,7,22,1,2692.74,2692.74
816,2026-05-21,,5,4,1491.31,5965.24
817,2025-09-21,11,12,12,1362.41,16348.92
818,2026-07-22,10,2,2,1308.24,2616.48
819,2026-04-29,7,20,2,815.89,1631.78
820,21/03/2026,9,28,2,12960.54,25921.08
821,15/07/2026,4,15,6,2141.82,12850.92
822,30/08/2026,1,29,3,9646.62,28939.86
823,2025-09-25,9,4,1,2081.68,2081.68
824,2026-01-28,7,9,1,1847.04,1847.04
825,04/05/2026,8,13,6,2927.13,17562.78
826,06/11/2025,9,11,1,3757.09,3757.09
827,17/04/2026,1,25,12,2615.17,31382.04
828,2025-10-27,1,13,1,2931.63,2931.63
829,2026-08-01,8,28,2,13702.90,27405.80
830,2026-08-19,12,19,4,5972.77,23891.08
831,05/11/2025,6,8,4,5435.77,21743.08
832,2026-05-18,5,8,4,5683.13,22732.52
833,2026-04-23,4,40,12,4195.25,50343.00
834,01/08/2026,8,13,1,3101.69,3101.69
835,2025-09-28,11,23,12,4169.50,50034.00
836,14/01/2026,5,25,2,2762.08,5524.16
837,2026-07-04,2,24,2,1521.31,3042.62
838,2026-06-29,6,34,1,6375.01,6375.01
839,25/12/2025,99,12,2,1409.83,2819.66
840,29/09/2025,5,15,3,2037.36,6112.08
841,2026-05-02,4,25,2,2818.74,5637.48
842,2026-02-06,4,39,1,1731.57,1731.57
843,2025-10-01,12,32,2,19014.49,38028.98
844,28/05/2026,8,28,6,13411.08,80466.48
845,2025-11-16,6,20,6,808.99,4853.94
846,2025-09-16,2,5,2,1522.96,3045.92
847,2025-11-06,6,1,12,5142.09,61705.08
848,2025-12-13,9,23,3,3947.48,11842.44
849,2026-08-30,9,36,1,3548.37,3548.37
850,06/11/2025,6,14,2,7153.69,14307.38
851,2025-11-23,12,999,3,972.67,2918.01
852,2025-11-22,5,32,2,17606.05,35212.10
853,2025-11-15,5,11,2,3589.45,7178.90
854,24/04/2026,11,32,2,18422.54,36845.08
855,2026-02-11,3,37,3,1895.57,5686.71
856,2025-11-04,6,25,3,2755.43,8266.29
857,2026-08-08,10,39,1,1690.60,1690.60
858,2026-04-12,6,28,1,12336.99,12336.99
859,29/04/2026,4,11,12,3772.35,45268.20
860,25/12/2025,7,37,2,2027.12,4054.24
861,2026-05-22,12,6,1,957.59,957.59
862,2026-03-08,99,25,4,2557.38,10229.52
863,2026-03-17,6,19,1,6403.16,6403.16
864,19/07/2026,7,33,2,3215.31,6430.62
865,8/5/2026,12,33,12,3198.43,38381.16
866,28/03/2026,2,12,1,1361.72,1361.72
867,2025-11-17,3,23,2,4066.47,8132.94
868,2026-05-04,7,25,2,2643.72,5287.44
869,2026-05-11,12,27,6,4222.77,25336.62
870,2026-08-05,10,20,3,771.35,2314.05
871,2025-09-04,10,18,1,3030.12,3030.12
872,2026-06-19,11,2,1,1427.22,1427.22
873,2025-10-12,10,22,2,2520.47,5040.94
874,14/11/2025,7,36,6,3889.86,23339.16
875,16/04/2026,3,39,6,1649.43,9896.58
876,2026-05-17,5,24,4,1457.83,5831.32
877,2026-08-13,10,38,2,3156.24,6312.48
878,2025-12-07,1,1,1,4898.55,4898.55
879,2026-01-21,11,36,3,3641.39,10924.17
880,2026-08-13,1,33,6,3316.93,19901.58
881,2025-09-23,12,18,2,2874.48,5748.96
882,2026-08-01,8,4,1,2052.38,2052.38
883,06/09/2025,12,17,12,1610.30,19323.60
884,2026-07-30,3,3,4,4087.61,16350.44
885,24/02/2026,2,36,1,3603.87,3603.87
886,2026-07-12,6,23,1,4222.02,4222.02
887,2025-10-08,,9,3,1958.06,5874.18
888,18/9/2025,3,6,1,1055.11,1055.11
889,2026-01-18,5,5,3,1548.26,4644.78
890,27/03/2026,4,35,2,2553.96,5107.92
891,2025-09-03,11,12,12,1379.80,16557.60
892,16/01/2026,12,33,2,3078.15,6156.30
893,2025-11-27,6,23,1,3884.86,3884.86
894,2026-04-16,10,33,2,3374.84,6749.68
895,04/07/2026,11,40,4,4332.33,17329.32
896,25/07/2026,,9,12,1821.00,21852.00
897,30/4/2026,9,40,2,3978.85,7957.70
898,19/11/2025,12,30,3,15187.85,45563.55
899,2026-05-04,5,30,2,15899.15,31798.30
900,17/06/2026,5,18,1,3063.96,3063.96
901,27/11/2025,3,5,2,1530.81,3061.62
902,04/01/2026,5,32,3,17786.09,53358.27
903,2025-10-19,10,22,1,2338.17,2338.17
904,2026-03-04,3,29,1,9444.30,9444.30
905,2026-04-23,10,7,12,2724.54,32694.48
906,2026-04-16,4,38,6,3423.05,20538.30
907,30/07/2026,5,21,6,3174.91,19049.46
908,2026-02-01,1,10,2,2287.94,4575.88
909,06/01/2026,2,14,2,6671.04,13342.08
910,28/04/2026,1,18,6,3113.19,18679.14
911,2026-05-24,3,27,6,4437.21,26623.26
912,2026-03-03,2,8,3,5559.80,16679.40
913,2026-06-09,12,8,1,5549.55,5549.55
914,17/02/2026,2,5,1,1484.95,1484.95
915,14/6/2026,1,22,3,2434.15,7302.45
916,2026-02-16,11,35,1,2464.86,2464.86
917,2025-10-12,3,12,6,1392.85,8357.10
918,2025-09-26,1,8,1,5410.72,5410.72
919,2025-11-07,12,26,2,3917.25,7834.50
920,2026-03-01,9,26,6,3848.38,23090.28
921,2026-01-12,6,999,4,1093.98,4375.92
922,02/06/2026,,7,1,2888.09,2888.09
923,2025-10-07,12,37,1,2120.53,2120.53
924,2025-10-06,6,22,2,2686.44,5372.88
925,2026-07-08,5,31,2,6553.89,13107.78
926,2026-06-09,99,18,1,2854.38,2854.38
927,2025-12-19,,38,3,3471.36,10414.08
928,01/11/2025,11,8,3,6091.47,18274.41
929,2026-01-19,11,38,4,3594.03,14376.12
930,2026-05-31,10,8,2,5499.15,10998.30
931,2026-07-14,4,23,12,4080.40,48964.80
932,2026-07-27,99,31,4,6617.29,26469.16
933,2026-02-01,3,23,3,3809.45,$ 11428.35
934,25/4/2026,11,31,1,6625.75,6625.75
935,2026-01-23,5,24,3,1424.75,4274.25
936,2026-06-30,11,19,6,5857.54,35145.24
937,2025-11-25,6,38,3,3511.49,10534.47
938,2026-03-05,10,25,2,2872.39,5744.78
939,2025-12-30,3,39,2,1823.32,3646.64
940,28/09/2025,8,25,6,2758.72,16552.32
941,2026-07-02,9,24,3,1588.60,4765.80
942,27/07/2026,11,15,1,2194.03,2194.03
943,4/6/2026,12,36,6,3832.96,22997.76
944,01/04/2026,10,20,4,810.73,3242.92
945,2026-01-14,5,36,4,3871.08,15484.32
946,21/06/2026,10,32,1,16895.53,16895.53
947,2026-05-17,5,17,2,1804.77,3609.54
948,18/08/2026,99,5,1,1612.87,1612.87
949,2026-01-28,12,4,3,2074.54,6223.62
950,2026-08-23,6,13,1,2854.28,2854.28
951,17/04/2026,8,39,1,1802.64,1802.64
952,27/10/2025,6,38,12,3460.90,41530.80
953,2026-08-06,8,22,3,2631.64,7894.92
954,2025-10-25,1,12,2,1360.22,2720.44
955,2025-12-21,4,1,1,5185.15,5185.15
956,2026-05-09,4,13,2,3128.04,6256.08
957,30/11/2025,3,36,12,3650.53,43806.36
958,2026-06-25,2,12,3,1308.90,3926.70
959,1/9/2025,1,26,4,4104.62,16418.48
960,23/12/2025,10,8,1,5915.89,5915.89
961,2026-02-03,7,17,12,1588.85,19066.20
962,2025-09-15,2,3,12,4026.90,48322.80
963,17/1/2026,3,24,6,1470.80,8824.80
964,2026-02-15,10,1,4,5005.01,20020.04
965,2026-04-08,10,7,2,2971.39,5942.78
966,22/11/2025,6,25,2,2730.47,5460.94
967,2026-08-21,8,4,6,2071.78,12430.68
968,2026-08-05,6,10,12,2339.55,28074.60
969,16/1/2026,9,2,3,1369.63,4108.89
970,23/06/2026,6,27,12,4352.05,52224.60
971,2026-03-31,4,19,1,6550.94,6550.94
972,21/02/2026,9,14,1,6829.14,6829.14
973,2026-08-22,,36,4,3648.31,14593.24
974,2026-06-06,6,22,1,2332.74,2332.74
975,2026-04-28,8,25,12,2699.40,32392.80
976,2025-12-25,8,29,2,9354.19,18708.38
977,2025-12-10,5,29,1,9471.79,9471.79
978,2025-10-24,6,9,12,1900.26,22803.12
979,2025-10-23,3,8,2,5738.65,11477.30
980,2026-01-18,7,8,1,5905.89,5905.89
981,2026-07-08,12,22,3,2675.93,8027.79
982,2026-01-18,9,21,4,3051.04,12204.16
983,08/02/2026,8,9,6,1768.24,10609.44
984,2025-09-26,5,38,2,3231.45,6462.90
985,2025-09-20,7,26,6,3846.25,23077.50
986,2025-09-02,3,7,4,2758.55,$ 11034.20
987,2026-08-10,3,19,1,5948.22,5948.22
988,2026-02-12,1,25,4,2872.32,11489.28
989,16/11/2025,11,16,2,14660.07,29320.14
990,2025-11-07,4,11,1,3444.75,3444.75
991,2025-12-30,10,18,12,2868.72,34424.64
992,2026-01-18,8,4,4,2354.61,9418.44
993,2026-08-16,12,32,2,18558.80,37117.60
994,2026-08-14,5,8,1,5998.32,5998.32
995,2025-11-18,9,1,2,4935.88,9871.76
996,18/11/2025,4,11,2,3480.38,6960.76
997,2026-04-27,6,23,1,4185.59,4185.59
998,2025-12-20,12,23,2,4300.60,8601.20
999,2025-12-07,2,3,1,3882.96,3882.96
1000,2025-10-10,3,27,1,4019.96,4019.96
1001,10/2/2026,8,33,2,3146.73,6293.46
1002,2026-05-26,8,24,1,1598.42,1598.42
1003,2026-07-19,10,31,12,6535.01,78420.12
1004,2025-10-03,10,1,4,4870.60,19482.40
1005,2025-11-08,11,31,1,6231.31,6231.31
1006,2026-05-12,10,37,12,1983.60,23803.20
1007,2025-11-29,7,7,12,2814.82,33777.84
1008,2026-04-12,11,34,3,6462.02,19386.06
1009,2026-03-03,1,13,12,3072.69,36872.28
1010,2025-09-01,8,15,2,2232.51,4465.02
1011,2026-06-14,11,12,1,1273.29,1273.29
1012,18/02/2026,10,31,1,6135.12,6135.12
1013,2025-10-24,11,27,3,4087.84,12263.52
1014,12/09/2025,7,27,4,4373.07,17492.28
1015,2026-07-03,9,23,6,4021.79,24130.74
1016,2026-02-27,11,4,1,2250.58,2250.58
1017,2025-09-19,9,37,2,1991.08,3982.16
1018,2025-09-15,5,38,2,3524.41,7048.82
1019,2/2/2026,3,999,12,1094.04,13128.48
1020,08/11/2025,2,38,6,3198.38,19190.28
1021,2025-10-04,12,38,12,3345.98,40151.76
1022,02/04/2026,7,13,4,3216.80,12867.20
1023,2025-12-29,5,38,1,3191.69,3191.69
1024,2026-01-03,5,2,6,1269.45,7616.70
1025,2026-07-22,3,20,4,854.38,3417.52
1026,03/11/2025,3,30,6,15752.06,94512.36
1027,2025-10-30,7,18,1,2846.56,2846.56
1028,15/02/2026,1,10,6,2407.15,14442.90
1029,21/01/2026,12,30,2,16606.97,33213.94
1030,19/02/2026,6,15,1,2063.90,2063.90
1031,2026-07-02,11,15,6,2068.78,12412.68
1032,2026-08-29,1,999,1,1026.03,1026.03
1033,2026-03-23,3,5,1,1469.78,1469.78
1034,6/3/2026,11,12,3,1235.01,3705.03
1035,2026-01-26,6,19,1,5892.51,5892.51
1036,2025-12-02,6,3,12,3869.66,46435.92
1037,2025-12-28,6,10,12,2361.41,28336.92
1038,16/10/2025,9,11,1,3313.45,3313.45
1039,2026-03-20,10,30,1,15461.51,15461.51
1040,2026-04-07,,23,1,4301.15,4301.15
1041,2026-07-17,6,31,4,6847.10,$ 27388.40
1042,2026-08-09,3,6,2,1021.14,$ 2042.28
1043,21/07/2026,10,17,3,1697.90,5093.70
1044,17/10/2025,12,29,3,10204.87,30614.61
1045,2026-01-07,9,38,1,3158.41,3158.41
1046,23/11/2025,4,38,3,3160.27,9480.81
1047,2/8/2026,6,1,6,5129.89,30779.34
1048,2025-11-15,4,23,4,3912.16,15648.64
1049,2025-12-16,2,10,2,2207.61,4415.22
1050,21/02/2026,5,25,3,2545.92,7637.76
1051,14/06/2026,8,24,2,1592.53,3185.06
1052,14/04/2026,12,25,6,2905.15,17430.90
1053,2026-03-21,5,23,6,3820.54,22923.24
1054,05/07/2026,2,28,2,12539.56,25079.12
1055,12/6/2026,,7,12,2977.30,35727.60
1056,2025-09-03,12,9,2,1926.34,3852.68
1057,2025-11-26,4,33,1,2963.30,2963.30
1058,04/01/2026,7,24,3,1461.93,4385.79
1059,2026-06-19,11,9,3,1960.05,5880.15
1060,2026-01-03,11,3,1,4099.77,4099.77
1061,2026-08-10,1,3,1,4267.82,4267.82
1062,2025-11-23,2,999,3,1083.09,3249.27
1063,2025-11-18,9,20,2,805.81,1611.62
1064,2025-12-22,3,20,4,828.26,3313.04
1065,2026-01-22,8,27,3,4608.91,13826.73
1066,01/01/2026,2,11,1,3431.54,3431.54
1067,2025-09-15,12,19,2,6516.41,13032.82
1068,2026-03-19,8,5,1,1490.48,1490.48
1069,09/01/2026,8,7,2,2978.86,5957.72
1070,2025-11-11,2,39,1,1845.58,1845.58
1071,2025-10-12,6,3,4,3840.37,15361.48
1072,2025-12-19,3,34,1,6013.02,6013.02
1073,2026-06-04,4,8,1,5908.96,5908.96
1074,2026-05-12,12,26,1,3785.74,3785.74
1075,2025-11-03,9,34,3,6553.92,19661.76
1076,2026-01-03,2,37,1,2107.57,2107.57
1077,2026-06-21,7,22,12,2436.16,29233.92
1078,2025-10-04,4,34,4,6589.28,26357.12
1079,2026-02-19,7,28,3,13588.91,40766.73
1080,2026-08-09,6,19,1,6535.17,6535.17
1081,18/12/2025,8,38,1,3266.37,3266.37
1082,2026-02-16,11,34,1,6180.90,6180.90
1083,2026-08-05,8,34,1,6310.13,6310.13
1084,2026-08-25,1,36,4,3455.93,13823.72
1085,04/03/2026,4,22,6,2407.29,14443.74
1086,3/12/2025,10,35,4,2453.68,9814.72
1087,09/07/2026,12,19,1,6049.99,6049.99
1088,2026-08-15,2,13,1,2961.15,2961.15
1089,2025-10-01,2,16,2,15572.84,31145.68
1090,2026-05-28,2,27,1,4233.21,4233.21
1091,2026-04-23,3,31,4,6762.65,27050.60
1092,2025-11-08,8,7,3,2963.96,8891.88
1093,2026-01-30,6,29,12,9369.07,112428.84
1094,17/05/2026,8,32,4,19212.83,76851.32
1095,2025-09-29,11,22,12,2471.29,29655.48
1096,2026-01-14,1,15,1,2266.25,2266.25
1097,2025-12-09,,26,2,3590.69,7181.38
1098,2026-02-10,8,31,2,6551.53,13103.06
1099,2026-01-12,9,9,3,1980.02,5940.06
1100,2025-09-10,6,24,1,1635.75,1635.75
1101,2026-03-10,11,10,3,2443.12,7329.36
1102,02/07/2026,8,11,6,3337.72,20026.32
1103,2026-07-05,1,23,1,4151.77,4151.77
1104,2025-12-13,9,999,1,967.35,967.35
1105,2025-12-24,4,26,1,3936.96,3936.96
1106,2025-12-26,5,40,1,3915.34,3915.34
1107,06/10/2025,5,40,2,4109.66,8219.32
1108,25/05/2026,11,22,12,2476.26,29715.12
1109,2026-01-05,4,30,1,14751.28,14751.28
1110,2026-03-30,11,12,12,1310.61,15727.32
1111,2026-05-24,3,24,1,1498.75,1498.75
1112,2025-12-11,11,4,1,2085.44,2085.44
1113,2026-03-05,1,34,1,6358.60,6358.60
1114,2025-10-27,11,8,2,5503.46,11006.92
1115,2025-11-22,12,35,1,2555.39,2555.39
1116,2025-12-19,6,7,1,2909.02,2909.02
1117,07/06/2026,5,13,1,3261.01,3261.01
1118,2025-10-14,8,11,4,3680.72,14722.88
1119,2026-02-05,8,23,3,4267.25,12801.75
1120,26/02/2026,9,39,2,1826.99,3653.98
1121,2026-06-03,3,30,1,15071.54,15071.54
1122,09/08/2026,6,15,12,2226.36,26716.32
1123,2025-09-10,1,24,3,1571.00,4713.00
1124,18/10/2025,11,8,2,5939.25,11878.50
1125,2025-09-10,9,5,4,1490.36,5961.44
1126,2026-04-12,7,35,3,2388.05,7164.15
1127,2026-07-09,9,8,3,5328.86,15986.58
1128,2025-11-17,10,34,2,5844.46,11688.92
1129,9/5/2026,4,32,1,19339.09,19339.09
1130,2025-11-28,2,2,12,1384.54,16614.48
1131,2025-10-26,9,29,1,10426.92,10426.92
1132,2025-10-19,8,29,1,9976.56,9976.56
1133,2026-08-23,5,29,3,10744.98,32234.94
1134,02/12/2025,7,30,12,15811.16,189733.92
1135,2026-06-14,11,25,12,2834.84,34018.08
1136,2026-08-02,5,1,2,4785.64,9571.28
1137,2026-05-19,10,31,2,6090.60,12181.20
1138,2025-12-08,6,4,3,2105.30,6315.90
1139,2026-02-26,12,19,1,5920.51,5920.51
1140,12/12/2025,10,999,1,1099.40,1099.40
1141,2026-06-25,4,11,4,3365.54,13462.16
1142,2025-09-09,1,36,1,3874.93,3874.93
1143,2026-01-10,99,8,3,5630.89,16892.67
1144,2025-09-12,7,1,4,5048.81,20195.24
1145,2025-10-24,3,20,12,776.11,9313.32
1146,2026-03-12,1,14,12,7064.59,84775.08
1147,2025-10-12,9,36,1,3428.55,$ 3428.55
1148,2025-12-30,,9,1,1763.57,1763.57
1149,6/10/2025,3,13,1,2891.15,2891.15
1150,08/06/2026,5,36,12,3578.90,42946.80
1151,2026-04-24,7,4,4,2221.28,8885.12
1152,2026-05-10,,32,2,18256.08,36512.16
1153,21/09/2025,4,35,2,2577.86,5155.72
1154,2025-12-03,12,30,1,16039.32,16039.32
1155,2026-08-19,8,24,1,1632.57,1632.57
1156,2026-07-06,9,15,2,2087.84,4175.68
1157,2026-07-19,7,9,1,1789.28,1789.28
1158,03/04/2026,8,33,2,3114.01,6228.02
1159,2025-09-15,99,40,1,4148.76,4148.76
1160,09/08/2026,10,35,2,2339.83,4679.66
1161,2026-07-18,5,20,2,780.56,1561.12
1162,2026-05-30,3,34,12,5782.47,69389.64
1163,2025-09-27,3,2,1,1373.40,1373.40
1164,2026-04-27,5,28,1,13958.51,13958.51
1165,30/04/2026,6,38,3,3287.55,9862.65
1166,2025-12-20,12,5,12,1523.40,18280.80
1167,2025-11-18,5,29,12,10252.07,123024.84
1168,2025-12-03,3,18,12,2778.63,33343.56
1169,2026-03-05,1,23,4,3949.40,15797.60
1170,2026-02-13,4,24,1,1518.34,1518.34
1171,2026-01-16,9,20,2,856.75,1713.50
1172,2025-12-26,99,5,6,1454.72,8728.32
1173,2026-01-01,6,40,12,4213.54,50562.48
1174,2026-01-31,8,12,2,1273.52,2547.04
1175,2026-06-02,1,22,12,2583.37,31000.44
1176,22/08/2026,7,16,3,15204.75,45614.25
1177,2026-05-23,,25,12,2711.22,32534.64
1178,2026-08-19,6,32,4,18975.95,75903.80
1179,29/11/2025,3,10,4,2394.68,9578.72
1180,2026-08-26,3,16,1,14934.79,14934.79
1181,2025-11-26,6,30,3,16585.43,49756.29
1182,2026-02-10,11,20,1,824.12,824.12
1183,2026-07-15,9,20,1,785.59,785.59
1184,2025-10-04,9,40,12,4244.71,50936.52
1185,12/11/2025,6,17,1,1746.45,1746.45
1186,2025-11-23,7,20,6,780.47,4682.82
1187,2026-01-13,4,40,1,3973.26,3973.26
1188,23/05/2026,6,5,1,1456.07,1456.07
1189,27/01/2026,2,12,3,1341.14,4023.42
1190,11/2/2026,9,6,6,968.38,5810.28
1191,2026-07-08,4,12,12,1314.49,15773.88
1192,2025-11-23,1,2,4,1394.29,5577.16
1193,2026-05-02,10,31,3,6801.10,20403.30
1194,04/02/2026,2,34,2,6321.61,12643.22
1195,2025-09-10,2,9,12,1831.26,21975.12
1196,2026-04-21,1,38,1,3531.24,3531.24
1197,2025-10-11,6,15,6,2203.57,13221.42
1198,2025-12-11,1,999,6,1089.48,6536.88
1199,2026-02-17,1,35,3,2386.94,7160.82
1200,08/08/2026,7,18,1,3027.56,3027.56
1201,2025-09-13,5,26,4,3948.44,15793.76
1202,13/03/2026,8,12,4,1317.61,5270.44
1203,2026-07-17,12,5,3,1478.40,4435.20
1204,2026-01-24,11,3,2,3929.40,7858.80
1205,2026-01-07,5,8,6,5781.10,34686.60
1206,2025-11-07,11,25,4,2879.30,11517.20
1207,2026-01-25,3,6,3,995.91,2987.73
1208,2026-02-18,2,40,4,4102.80,16411.20
1209,2026-08-13,,24,12,1611.23,19334.76
1210,2025-11-14,2,16,2,13969.15,27938.30
1211,01/05/2026,4,5,1,1549.87,1549.87
1212,2026-04-13,5,31,6,5996.42,35978.52
1213,2026-03-15,1,11,2,3339.01,6678.02
1214,2026-07-05,1,22,1,2364.19,2364.19
1215,16/05/2026,4,34,1,6365.63,6365.63
1216,2026-01-07,12,3,1,3984.57,3984.57
1217,2026-07-07,11,18,2,2953.27,5906.54
1218,07/01/2026,1,6,12,974.62,11695.44
1219,2025-10-16,6,30,2,15572.76,31145.52
1220,18/11/2025,99,14,2,7135.61,14271.22
1221,2026-08-08,5,36,3,3644.31,10932.93
1222,2026-07-28,5,19,1,6386.99,6386.99
1223,2026-07-23,1,20,6,764.10,4584.60
1224,2025-10-20,7,16,3,14928.93,44786.79
1225,2026-05-27,12,38,4,3314.20,13256.80
1226,2026-03-13,6,4,2,2206.12,4412.24
1227,2026-04-21,6,32,1,18109.87,18109.87
1228,2025-12-08,9,38,2,3387.32,6774.64
1229,2025-11-09,9,24,4,1573.72,6294.88
1230,2026-01-30,11,23,1,3952.81,3952.81
1231,2026-03-17,4,10,1,2211.54,2211.54
1232,2026-04-08,7,32,12,17393.55,208722.60
1233,2026-04-29,9,39,1,1628.00,1628.00
1234,29/07/2026,7,11,1,3453.52,3453.52
1235,2026-04-01,1,24,1,1426.11,1426.11
1236,2025-11-16,3,36,2,3758.94,7517.88
1237,2025-12-22,10,27,2,4595.65,9191.30
1238,2025-10-18,,27,2,4155.74,8311.48
1239,2025-10-30,4,29,2,9358.24,18716.48
1240,2025-11-24,6,18,6,2767.36,16604.16
1241,2025-09-12,8,16,1,15734.23,15734.23
1242,2025-10-06,,27,2,4115.03,8230.06
1243,2025-09-24,2,30,1,16776.92,16776.92
1244,2026-07-13,5,23,6,4188.08,25128.48
1245,2026-02-13,6,23,1,4048.50,4048.50
1246,2026-07-31,3,26,1,3922.52,3922.52
1247,2026-03-26,2,5,1,1411.16,1411.16
1248,18/06/2026,12,12,2,1373.85,2747.70
1249,2/3/2026,4,31,1,6462.52,6462.52
1250,30/04/2026,3,35,1,2484.34,2484.34
1251,2026-02-14,8,6,12,1005.98,$ 12071.76
1252,10/7/2026,8,34,1,6008.41,6008.41
1253,2026-07-06,8,33,4,2979.52,11918.08
1254,2026-05-24,1,4,4,2144.38,8577.52
1255,17/02/2026,1,5,12,1494.26,17931.12
1256,2025-11-07,3,27,1,4066.53,4066.53
1257,2026-08-03,1,38,1,3318.72,3318.72
1258,2026-07-08,8,14,12,6575.66,78907.92
1259,2026-08-23,12,4,6,2149.18,12895.08
1260,2026-08-04,8,22,12,2398.47,28781.64
1261,2026-03-15,6,24,1,1562.06,1562.06
1262,10/04/2026,,40,6,4293.78,25762.68
1263,12/2/2026,10,4,1,2146.06,2146.06
1264,18/1/2026,3,23,2,3932.75,7865.50
1265,25/04/2026,8,2,4,1448.63,5794.52
1266,2025-09-25,6,25,6,2625.18,15751.08
1267,2026-05-08,9,23,6,3845.49,23072.94
1268,2025-11-11,9,6,1,994.02,994.02
1269,09/03/2026,8,11,12,3568.40,42820.80
1270,24/08/2026,2,40,3,4373.92,13121.76
1271,2026-06-13,5,23,4,4117.90,16471.60
1272,20/4/2026,8,10,4,2303.39,9213.56
1273,03/12/2025,7,33,2,2970.96,5941.92
1274,2026-03-12,4,29,3,10447.34,31342.02
1275,15/10/2025,10,19,1,6390.25,6390.25
1276,2026-04-08,10,999,6,1064.75,6388.50
1277,2026-08-29,8,12,2,1368.45,2736.90
1278,2025-10-24,8,3,1,4266.80,4266.80
1279,2025-11-08,1,33,2,3052.57,6105.14
1280,2025-09-28,11,9,2,1955.07,3910.14
1281,2026-02-05,1,4,6,2059.40,12356.40
1282,2026-01-13,8,4,4,2148.20,8592.80
1283,2026-03-02,9,37,4,2015.13,8060.52
1284,2026-05-05,5,31,2,6337.83,$ 12675.66
1285,2026-06-11,6,4,2,2214.92,4429.84
1286,2025-10-12,12,5,1,1608.38,1608.38
1287,2026-02-08,7,29,1,10459.89,10459.89
1288,12/5/2026,8,21,12,3171.32,38055.84
1289,2026-03-22,12,2,6,1386.49,8318.94
1290,2026-01-15,10,23,1,4358.47,4358.47
1291,2026-04-13,10,17,2,1791.03,3582.06
1292,28/11/2025,3,38,6,3287.76,19726.56
1293,2026-02-13,7,39,1,1754.08,1754.08
1294,2025-11-22,9,33,6,3033.52,18201.12
1295,2026-04-20,6,35,1,2637.21,2637.21
1296,2026-05-13,,31,1,6594.23,6594.23
1297,2025-11-09,3,39,2,1832.77,3665.54
1298,29/11/2025,4,31,2,6424.04,12848.08
1299,2026-03-03,7,3,1,4171.55,4171.55
1300,6/6/2026,6,9,1,1882.31,1882.31
1301,2025-12-28,4,1,1,4625.97,4625.97
1302,2025-10-30,3,4,6,2153.18,12919.08
1303,2/2/2026,3,21,6,3250.97,19505.82
1304,2025-12-15,1,15,1,2092.11,2092.11
1305,2026-06-24,2,1,4,4804.98,19219.92
1306,2025-11-28,7,20,1,853.28,853.28
1307,2025-11-12,9,15,1,2085.02,2085.02
1308,03/05/2026,4,11,1,3366.76,3366.76
1309,2025-10-12,7,10,4,2413.74,9654.96
1310,14/01/2026,12,39,2,1718.65,3437.30
1311,2025-10-29,7,21,3,3480.31,10440.93
1312,17/07/2026,10,19,1,6536.76,6536.76
1313,02/03/2026,3,19,6,6248.61,37491.66
1314,2026-01-30,2,22,12,2547.46,30569.52
1315,26/11/2025,1,22,1,2563.99,2563.99
1316,2026-01-25,6,17,4,1730.65,6922.60
1317,2026-03-14,9,17,4,1683.45,6733.80
1318,02/04/2026,9,4,1,2336.83,2336.83
1319,29/08/2026,8,999,1,1040.11,1040.11
1320,2026-02-23,,39,2,1656.99,3313.98
1321,2026-04-12,3,23,3,4246.44,12739.32
1322,2025-11-17,10,35,3,2289.78,$ 6869.34
1323,2026-08-11,12,34,6,6104.31,36625.86
1324,2026-01-10,3,10,1,2371.87,2371.87
1325,2025-10-05,9,32,2,17866.67,35733.34
1326,10/2/2026,9,17,1,1575.98,1575.98
1327,2025-09-27,4,18,2,3104.20,6208.40
1328,2026-01-30,8,35,4,2553.41,10213.64
1329,2025-10-21,12,3,4,4026.23,16104.92
1330,2026-06-09,10,22,1,2430.50,2430.50
1331,2025-11-28,11,24,1,1464.68,1464.68
1332,2026-07-30,99,40,12,4269.72,51236.64
1333,20/05/2026,10,15,1,2125.68,2125.68
1334,2026-03-19,2,35,2,2457.18,4914.36
1335,2026-05-09,6,37,2,1931.59,3863.18
1336,05/02/2026,8,6,12,946.74,11360.88
1337,2026-07-20,99,29,2,9430.56,18861.12
1338,15/05/2026,9,40,6,4082.02,24492.12
1339,19/02/2026,6,36,1,3901.71,3901.71
1340,2025-11-23,8,24,3,1428.40,4285.20
1341,04/02/2026,12,24,4,1546.16,6184.64
1342,2/10/2025,5,11,4,3727.92,14911.68
1343,13/05/2026,12,16,1,14068.82,14068.82
1344,2025-12-11,8,27,2,4137.39,8274.78
1345,2025-10-27,8,36,6,3556.49,21338.94
1346,2026-01-05,1,8,1,6002.98,6002.98
1347,7/1/2026,,8,1,5345.86,5345.86
1348,2026-05-25,7,24,1,1428.53,1428.53
1349,2026-03-18,8,13,2,3250.35,6500.70
1350,16/6/2026,9,15,2,2083.17,4166.34
1351,2026-02-19,4,10,12,2460.14,29521.68
1352,30/04/2026,4,21,4,3170.22,12680.88
1353,14/07/2026,1,2,2,1270.81,2541.62
1354,2025-12-25,5,8,2,5559.30,11118.60
1355,2026-03-19,11,2,1,1272.22,1272.22
1356,28/09/2025,2,36,3,3859.98,11579.94
1357,08/02/2026,99,13,1,3132.11,3132.11
1358,2026-02-12,4,1,4,5282.20,21128.80
1359,2025-09-16,5,29,2,9478.86,18957.72
1360,2026-01-16,1,29,6,10416.47,62498.82
1361,11/10/2025,5,4,2,2146.34,4292.68
1362,19/1/2026,6,17,2,1717.05,3434.10
1363,2026-02-15,4,13,1,3212.50,3212.50
1364,2025-09-15,9,13,4,2915.67,11662.68
1365,2026-02-18,1,34,12,6592.66,79111.92
1366,2025-12-28,5,35,1,2357.67,2357.67
1367,2025-09-19,6,32,12,18915.17,226982.04
1368,2026-03-22,12,20,4,765.48,3061.92
1369,12/1/2026,3,15,4,2083.07,8332.28
1370,2025-11-13,7,6,3,1061.93,3185.79
1371,07/05/2026,4,39,4,1670.79,6683.16
1372,15/8/2026,4,34,3,6467.65,19402.95
1373,2026-02-08,3,29,1,10097.53,10097.53
1374,2026-01-30,2,23,1,4074.42,4074.42
1375,2025-09-21,5,34,1,6347.93,6347.93
1376,2026-06-19,9,13,1,2918.54,2918.54
1377,2026-08-17,6,40,12,4480.16,53761.92
1378,2026-08-08,6,15,1,2193.15,2193.15
1379,2026-01-08,3,22,6,2579.70,15478.20
1380,09/10/2025,7,38,1,3370.80,3370.80
1381,2025-09-09,12,21,2,3175.51,6351.02
1382,09/03/2026,6,31,3,6170.49,18511.47
1383,2025-10-22,9,20,2,820.21,1640.42
1384,2026-03-06,3,9,3,1952.09,5856.27
1385,2026-03-05,3,30,2,15274.95,30549.90
1386,24/06/2026,4,19,4,6255.45,25021.80
1387,2026-05-16,11,32,4,17964.80,71859.20
1388,2025-10-14,7,20,12,825.97,9911.64
1389,2026-08-11,99,31,12,6120.39,73444.68
1390,2026-07-25,7,18,12,2768.03,33216.36
1391,02/05/2026,11,15,3,2285.88,6857.64
1392,23/01/2026,4,35,6,2538.05,15228.30
1393,19/12/2025,6,21,1,3388.39,3388.39
1394,28/12/2025,4,25,4,2908.92,11635.68
1395,2026-01-16,9,23,2,4246.13,8492.26
1396,2026-05-09,1,25,1,2570.90,2570.90
1397,2026-01-26,4,15,1,2165.00,2165.00
1398,2026-07-11,7,33,4,3067.91,12271.64
1399,2025-09-17,6,7,12,2749.77,32997.24
1400,2026-06-29,12,21,1,3082.69,3082.69
1401,2026-03-13,11,14,1,7293.07,7293.07
1402,2026-06-15,6,27,6,4477.65,26865.90
1403,26/12/2025,7,5,1,1617.20,1617.20
1404,2025-12-20,7,28,4,12655.11,50620.44
1405,2026-06-15,11,12,2,1269.29,2538.58
1406,07/04/2026,3,15,4,2116.20,8464.80
1407,25/07/2026,11,27,2,4502.02,$ 9004.04
1408,2026-06-20,3,22,3,2683.28,8049.84
1409,25/03/2026,8,35,1,2339.71,2339.71
1410,2025-12-26,2,11,3,3396.08,10188.24
1411,2026-06-06,3,29,1,9755.25,9755.25
1412,2026-06-29,7,12,3,1236.39,3709.17
1413,2026-01-20,8,16,1,13949.91,13949.91
1414,2026-05-07,12,19,1,6318.22,6318.22
1415,07/04/2026,12,16,3,15679.87,47039.61
1416,2026-05-06,10,28,1,12272.36,12272.36
1417,2026-04-06,9,14,1,7432.00,7432.00
1418,2026-04-03,9,34,6,6261.70,37570.20
1419,2025-11-10,6,31,12,6359.20,76310.40
1420,2025-12-31,10,13,12,3105.07,37260.84
1421,18/04/2026,11,9,2,1790.39,3580.78
1422,24/12/2025,12,21,6,3227.90,19367.40
1423,2025-12-14,3,25,1,2709.05,2709.05
1424,2026-03-02,11,36,1,3762.80,3762.80
1425,06/12/2025,1,37,2,1875.22,3750.44
1426,2026-08-10,12,32,2,18009.27,36018.54
1427,2026-06-16,4,39,2,1708.67,3417.34
1428,25/04/2026,7,7,1,3015.22,3015.22
1429,24/06/2026,12,29,6,9747.02,58482.12
1430,2026-02-22,5,35,12,2518.94,$ 30227.28
1431,11/9/2025,2,33,1,3173.53,3173.53
1432,2025-10-24,2,13,3,3096.00,9288.00
1433,2025-11-02,9,15,1,2095.63,2095.63
1434,14/4/2026,3,22,12,2389.37,28672.44
1435,06/12/2025,9,24,3,1415.72,4247.16
1436,2026-03-18,2,5,2,1519.85,3039.70
1437,2025-12-04,6,6,6,1017.19,6103.14
1438,2026-06-15,9,28,1,12507.10,12507.10
1439,2025-12-05,7,34,2,6242.68,12485.36
1440,2026-02-28,4,33,2,3057.16,6114.32
1441,12/07/2026,1,26,3,3813.07,11439.21
1442,2026-06-14,7,36,12,3826.46,45917.52
1443,2025-10-20,10,31,1,6632.11,6632.11
1444,2026-06-09,2,19,6,6188.54,37131.24
1445,20/03/2026,11,19,3,6648.91,19946.73
1446,2026-06-12,7,26,1,3625.84,3625.84
1447,2026-08-04,8,27,3,4534.29,13602.87
1448,2026-07-07,10,8,12,6062.93,72755.16
1449,2025-12-07,10,27,4,4283.11,17132.44
1450,5/7/2026,6,11,12,3454.76,41457.12
1451,06/10/2025,6,36,12,3528.84,42346.08
1452,2026-03-25,5,34,3,6104.92,18314.76
1453,2026-03-30,7,34,2,6578.99,$ 13157.98
1454,14/11/2025,99,1,1,5081.56,5081.56
1455,18/03/2026,8,13,2,3129.14,6258.28
1456,01/06/2026,10,20,6,823.59,$ 4941.54
1457,2026-06-01,5,20,1,834.31,834.31
1458,03/03/2026,12,7,12,2770.05,33240.60
1459,2026-06-24,4,32,6,18327.97,109967.82
1460,22/05/2026,1,33,6,3378.98,20273.88
1461,2026-05-10,1,20,4,824.46,3297.84
1462,09/06/2026,8,9,2,1786.73,3573.46
1463,2026-03-11,7,16,2,15336.87,30673.74
1464,2026-07-03,6,4,1,2146.24,2146.24
1465,2025-11-11,1,5,6,1598.78,9592.68
1466,26/05/2026,2,7,4,2947.93,11791.72
1467,2026-02-17,9,23,3,4269.98,12809.94
1468,01/08/2026,6,19,1,6323.15,6323.15
1469,13/9/2025,11,33,1,3054.42,3054.42
1470,8/6/2026,5,28,12,14051.81,168621.72
1471,2026-07-21,10,22,1,2354.03,2354.03
1472,09/02/2026,4,16,1,15211.09,15211.09
1473,1/7/2026,3,30,3,16081.57,48244.71
1474,2025-11-20,5,32,1,19238.95,19238.95
1475,27/12/2025,6,25,3,2576.45,7729.35
1476,2026-03-18,8,8,1,5497.72,5497.72
1477,25/06/2026,12,6,2,1056.54,2113.08
1478,2026-07-07,3,9,2,1900.17,3800.34
1479,2026-08-08,8,27,1,4309.59,4309.59
1480,26/05/2026,9,6,1,1032.25,1032.25
1481,2026-01-21,7,32,1,18961.06,18961.06
1482,2025-10-11,9,28,12,12817.99,153815.88
1483,02/11/2025,3,19,2,5868.38,11736.76
1484,2026-05-31,7,12,2,1387.37,2774.74
1485,10/04/2026,7,32,3,17671.18,53013.54
1486,2026-03-29,6,27,2,4164.33,8328.66
1487,16/11/2025,3,17,1,1691.28,1691.28
1488,2025-11-11,4,4,6,2279.71,13678.26
1489,03/02/2026,12,4,6,2231.72,13390.32
1490,2026-05-09,1,16,3,15327.56,45982.68
1491,21/08/2026,99,21,1,3134.38,3134.38
1492,2025-10-08,11,33,1,3332.97,3332.97
1493,2026-02-25,5,9,1,1976.86,1976.86
1494,14/09/2025,8,18,6,2838.54,17031.24
1495,09/01/2026,7,26,1,4099.81,4099.81
1496,2026-08-16,1,8,3,5708.16,17124.48
1497,2026-04-01,1,25,1,2651.01,2651.01
1498,2026-06-11,8,20,1,818.87,818.87
1499,01/07/2026,3,11,1,3608.64,3608.64
1500,2026-05-11,1,25,2,2712.50,5425.00
1501,2025-09-15,3,8,1,5750.05,5750.05
1502,21/07/2026,1,30,1,16158.11,16158.11
1503,2026-02-25,8,15,4,2064.90,8259.60
1504,30/03/2026,3,39,4,1711.05,6844.20
1505,2026-01-31,8,20,4,795.20,3180.80
1506,2026-05-03,6,37,1,2018.84,2018.84
1507,2025-10-03,,25,2,2724.66,5449.32
1508,2026-04-13,99,4,2,2071.97,4143.94
1509,16/02/2026,5,34,4,5753.48,23013.92
1510,2025-11-19,11,3,6,4354.24,26125.44
1511,31/12/2025,6,2,12,1402.34,16828.08
1512,2026-02-11,7,19,1,6197.85,6197.85
1513,01/05/2026,7,33,2,3325.54,6651.08
1514,20/07/2026,3,19,1,5868.26,5868.26
1515,2025-11-29,7,9,2,1782.21,3564.42
1516,27/12/2025,7,30,3,16005.91,48017.73
1517,2025-11-19,4,32,3,17830.39,53491.17
1518,2026-01-26,10,12,2,1231.17,2462.34
1519,2026-08-27,8,23,3,4087.72,12263.16
1520,2025-09-13,10,35,2,2398.86,4797.72
1521,07/01/2026,8,26,4,3649.58,14598.32
1522,2026-01-17,5,26,3,3627.77,$ 10883.31
1523,10/06/2026,8,15,1,2081.88,2081.88
1524,17/09/2025,3,6,4,958.61,3834.44
1525,2026-08-27,3,27,1,4347.07,4347.07
1526,2026-01-06,10,21,2,3197.58,6395.16
1527,2026-05-10,1,37,1,2017.28,2017.28
1528,2025-09-17,5,25,12,2609.62,31315.44
1529,2026-04-12,,31,12,6314.72,75776.64
1530,17/10/2025,10,11,1,3792.97,3792.97
1531,2026-03-07,1,37,12,1921.30,23055.60
1532,20/12/2025,12,9,4,2030.34,8121.36
1533,2026-05-27,9,1,1,5331.29,5331.29
1534,2026-04-24,4,11,2,3387.13,6774.26
1535,2026-01-20,2,40,2,4187.14,8374.28
1536,24/05/2026,1,9,6,2027.72,12166.32
1537,2026-08-07,4,37,1,2064.20,2064.20
1538,26/04/2026,8,31,2,6714.25,13428.50
1539,2026-07-14,2,4,2,2354.49,4708.98
1540,2026-02-06,1,3,1,4208.31,4208.31
1541,2026-07-15,10,21,6,3269.64,19617.84
1542,2026-07-07,5,6,1,1074.07,1074.07
1543,2026-06-29,4,2,2,1258.81,2517.62
1544,02/02/2026,1,24,4,1614.48,6457.92
1545,2025-11-22,11,26,1,3623.05,3623.05
1546,3/8/2026,8,18,1,2870.84,$ 2870.84
1547,2025-11-10,5,13,1,2945.71,$ 2945.71
1548,2026-07-24,2,25,1,2694.71,2694.71
1549,2025-10-21,5,23,12,3843.86,46126.32
1550,2025-09-07,8,36,2,3450.02,6900.04
1551,2026-01-29,2,39,3,1707.79,5123.37
1552,2026-01-30,3,24,3,1428.93,4286.79
1553,2026-08-19,8,36,6,3794.15,22764.90
1554,2026-05-02,11,35,2,2639.50,5279.00
1555,2026-05-29,4,29,2,10615.09,21230.18
1556,2026-05-21,7,4,6,2106.20,12637.20
1557,2026-03-14,7,19,2,6635.32,13270.64
1558,2026-06-16,8,23,1,4371.01,4371.01
1559,2026-08-30,5,11,1,3398.26,3398.26
1560,2026-07-24,10,19,1,6154.11,6154.11
1561,2026-07-31,4,11,4,3715.23,14860.92
1562,10/3/2026,11,13,1,3168.04,3168.04
1563,2026-08-02,1,10,6,2421.84,14531.04
1564,2025-11-11,8,28,6,13801.84,82811.04
1565,2026-05-28,10,19,6,6076.81,36460.86
1566,2025-09-08,4,22,12,2450.66,$ 29407.92
1567,2025-12-22,11,27,1,4378.97,4378.97
1568,2026-08-16,4,25,3,2822.27,8466.81
1569,2025-12-04,10,19,1,6060.66,6060.66
1570,2026-07-29,99,39,4,1688.31,6753.24
1571,25/10/2025,3,9,4,2011.44,8045.76
1572,2026-06-02,6,38,1,3329.89,3329.89
1573,4/9/2025,7,30,1,14978.66,14978.66
1574,2026-01-30,6,18,6,3154.99,18929.94
1575,2025-11-29,2,35,1,2555.87,2555.87
1576,22/08/2026,4,4,1,2297.87,2297.87
1577,2026-04-20,2,31,1,6292.73,6292.73
1578,2026-07-19,12,2,4,1359.18,5436.72
1579,2026-02-08,7,30,4,15091.57,60366.28
1580,2026-05-17,3,37,6,2102.93,12617.58
1581,8/2/2026,3,9,1,1942.57,1942.57
1582,2025-09-04,9,4,1,2167.64,2167.64
1583,2026-02-19,10,14,6,7352.68,44116.08
1584,2026-01-09,2,40,1,4156.74,4156.74
1585,14/10/2025,6,22,2,2685.27,5370.54
1586,2025-12-24,2,21,1,3281.46,3281.46
1587,2026-03-09,5,33,3,3335.20,10005.60
1588,2026-05-15,,35,3,2443.73,7331.19
1589,13/12/2025,12,19,1,5977.53,5977.53
1590,18/09/2025,5,4,1,2308.98,2308.98
1591,2025-10-08,1,20,1,830.19,830.19
1592,2025-12-28,10,21,1,3440.79,3440.79
1593,2026-03-16,99,20,3,767.95,2303.85
1594,2026-08-05,,27,2,4135.28,8270.56
1595,31/10/2025,3,14,1,7374.14,$ 7374.14
1596,28/02/2026,2,4,1,2067.38,2067.38
1597,10/06/2026,4,28,12,13002.44,156029.28
1598,2025-11-24,6,10,3,2370.08,7110.24
1599,2026-07-13,9,2,1,1312.53,1312.53
1600,2026-08-22,99,7,2,2744.55,5489.10
1601,2026-05-12,10,10,3,2213.25,6639.75
1602,2026-03-07,6,28,2,13123.36,26246.72
1603,07/09/2025,4,30,2,15785.10,31570.20
1604,2026-04-05,1,28,3,12661.12,37983.36
1605,2026-08-28,9,37,3,2067.56,6202.68
1606,11/12/2025,4,5,1,1599.83,1599.83
1607,02/02/2026,12,35,2,2389.76,4779.52
1608,2026-04-30,6,31,1,6517.67,6517.67
1609,17/08/2026,11,35,12,2433.98,29207.76
1610,2025-12-26,10,999,6,1001.73,6010.38
1611,2025-12-30,1,19,4,6312.66,25250.64
1612,2026-07-14,8,1,3,5218.49,15655.47
1613,2025-11-22,4,39,1,1779.01,1779.01
1614,18/03/2026,10,27,2,4093.33,8186.66
1615,2026-03-16,9,26,2,3904.20,7808.40
1616,2025-11-11,10,20,4,752.91,3011.64
1617,2025-12-28,3,26,1,3732.75,3732.75
1618,2026-03-25,9,5,1,1431.71,1431.71
1619,16/05/2026,1,14,1,7394.99,$ 7394.99
1620,30/12/2025,8,24,2,1529.97,3059.94
1621,2026-03-06,12,40,6,4207.18,25243.08
1622,6/12/2025,7,25,2,2599.14,5198.28
1623,2026-06-04,2,9,2,2016.17,4032.34
1624,2026-02-21,7,20,1,833.72,833.72
1625,2026-08-23,9,15,6,2241.98,13451.88
1626,2026-06-06,2,22,1,2632.95,2632.95
1627,2026-07-19,2,33,6,3276.40,19658.40
1628,2026-04-07,7,38,1,3441.21,3441.21
1629,2026-05-23,9,26,2,4043.40,8086.80
1630,13/10/2025,5,23,4,3910.86,15643.44
1631,2026-02-05,8,1,1,5096.26,5096.26
1632,12/2/2026,1,3,4,4109.78,16439.12
1633,29/7/2026,10,29,4,10339.12,41356.48
1634,2026-01-28,9,28,3,12926.87,$ 38780.61
1635,23/02/2026,99,36,3,3690.30,11070.90
1636,2026-06-12,9,35,6,2291.91,13751.46
1637,25/07/2026,10,4,4,2123.99,8495.96
1638,2026-05-12,12,23,3,4187.25,12561.75
1639,09/03/2026,8,20,6,839.60,5037.60
1640,2025-11-10,6,3,1,4162.84,4162.84
1641,04/08/2026,11,17,1,1744.50,1744.50
1642,2026-08-25,10,12,4,1233.61,4934.44
1643,11/12/2025,1,1,1,4857.12,4857.12
1644,2025-12-24,6,29,1,9505.91,9505.91
1645,2026-05-15,12,37,1,1857.31,1857.31
1646,8/5/2026,4,35,1,2625.43,2625.43
1647,2026-08-30,8,17,2,1615.80,3231.60
1648,2026-06-30,12,29,4,9592.64,38370.56
1649,2026-03-21,9,24,3,1556.60,4669.80
1650,2026-05-19,11,33,3,2986.24,8958.72
1651,2026-06-30,3,14,1,7409.61,7409.61
1652,2025-12-06,11,999,2,1071.30,2142.60
1653,06/03/2026,10,4,1,2316.45,2316.45
1654,22/07/2026,11,31,6,6043.38,36260.28
1655,2026-03-23,6,32,1,19253.61,19253.61
1656,2026-02-21,9,15,1,2176.92,2176.92
1657,04/01/2026,4,4,3,2166.84,6500.52
1658,20/01/2026,3,11,3,3579.53,10738.59
1659,2026-06-21,6,999,2,1011.53,2023.06
1660,11/07/2026,12,21,12,3460.45,41525.40
1661,14/10/2025,2,3,4,4009.09,16036.36
1662,2026-05-09,11,12,1,1272.06,1272.06
1663,2026-08-06,,9,1,1934.34,1934.34
1664,23/03/2026,4,13,2,3067.35,6134.70
1665,21/12/2025,1,10,3,2246.82,6740.46
1666,29/10/2025,10,32,1,17346.12,17346.12
1667,24/03/2026,1,12,12,1252.03,15024.36
1668,12/05/2026,6,14,4,7285.26,29141.04
1669,11/09/2025,1,24,2,1599.90,3199.80
1670,2026-03-12,12,34,2,6505.87,13011.74
1671,23/01/2026,5,15,2,2119.10,4238.20
1672,2026-01-23,6,5,1,1430.28,1430.28
1673,2026-07-08,3,29,4,9796.61,39186.44
1674,26/10/2025,6,7,4,2689.38,10757.52
1675,28/2/2026,9,34,12,6522.09,78265.08
1676,2026-05-08,2,30,2,15447.05,30894.10
1677,30/12/2025,3,12,1,1267.65,1267.65
1678,24/05/2026,4,11,2,3580.92,7161.84
1679,2025-11-19,4,26,1,3958.48,3958.48
1680,2026-04-23,1,15,2,2226.40,4452.80
1681,2026-07-04,1,22,4,2596.25,$ 10385.00
1682,2025-11-06,7,33,4,3312.50,13250.00
1683,2025-11-28,7,13,12,3160.68,37928.16
1684,13/09/2025,9,32,12,17615.96,211391.52
1685,2025-10-13,2,8,4,5669.55,22678.20
1686,2026-08-22,8,10,2,2205.99,4411.98
1687,07/10/2025,1,40,12,4352.74,52232.88
1688,29/09/2025,11,35,12,2303.67,27644.04
1689,2025-10-06,12,19,2,6679.36,13358.72
1690,03/01/2026,7,37,1,2140.44,2140.44
1691,2026-04-02,6,22,2,2428.40,4856.80
1692,2025-11-08,4,1,3,5246.64,15739.92
1693,2026-05-24,4,18,1,2847.55,2847.55
1694,2026-03-07,12,35,1,2349.14,2349.14
1695,2026-01-28,9,14,1,6725.00,6725.00
1696,10/04/2026,5,21,1,3154.34,3154.34
1697,2026-02-13,5,36,1,3845.05,3845.05
1698,22/10/2025,5,12,2,1314.87,2629.74
1699,2026-08-03,10,18,2,2817.93,5635.86
1700,2025-12-24,7,25,4,2694.85,10779.40
1701,2026-07-03,8,7,4,3040.03,12160.12
1702,2026-08-28,8,38,2,3197.23,6394.46
1703,16/08/2026,6,37,2,2017.37,4034.74
1704,2025-12-28,7,27,12,4448.51,53382.12
1705,2026-01-13,5,1,4,5194.45,20777.80
1706,2025-12-10,3,19,1,5909.42,5909.42
1707,2026-05-25,1,21,3,3113.64,$ 9340.92
1708,28/05/2026,3,8,3,5452.02,16356.06
1709,2026-04-29,3,13,4,3266.20,13064.80
1710,2026-04-17,8,4,3,2186.76,6560.28
1711,2026-01-21,5,5,2,1508.92,3017.84
1712,2025-10-16,3,26,3,3725.32,11175.96
1713,2026-02-21,2,25,12,2548.05,30576.60
1714,13/11/2025,8,30,12,16053.85,192646.20
1715,2026-03-01,8,33,1,2972.15,2972.15
1716,23/11/2025,12,40,1,4203.83,4203.83
1717,2025-10-17,11,24,12,1498.40,17980.80
1718,28/02/2026,3,4,1,2183.41,2183.41
1719,2025-10-25,9,25,1,2669.81,2669.81
1720,2026-04-13,4,31,1,6793.48,6793.48
1721,11/05/2026,5,17,6,1808.72,10852.32
1722,02/07/2026,10,4,1,2270.60,2270.60
1723,2026-05-01,4,12,6,1263.30,7579.80
1724,2026-08-20,7,2,2,1294.48,2588.96
1725,29/10/2025,1,26,4,4035.67,16142.68
1726,2026-05-20,11,28,1,14054.72,14054.72
1727,22/03/2026,6,7,2,2978.50,5957.00
1728,23/09/2025,2,25,1,2797.08,2797.08
1729,2025-12-02,9,40,4,4503.21,18012.84
1730,2026-05-24,4,13,1,3094.32,3094.32
1731,2026-07-28,5,35,6,2339.05,14034.30
1732,2026-02-01,1,34,2,6131.92,12263.84
1733,2026-08-26,99,38,2,3203.83,6407.66
1734,2026-02-23,4,33,1,2961.83,2961.83
1735,09/09/2025,12,10,2,2438.87,4877.74
1736,2025-12-04,,4,3,2113.17,6339.51
1737,2026-01-29,11,12,4,1388.33,5553.32
1738,2025-11-26,8,25,2,2539.93,5079.86
1739,2026-05-28,3,32,2,18340.93,36681.86
1740,08/02/2026,9,39,1,1715.18,1715.18
1741,11/04/2026,4,11,1,3308.37,3308.37
1742,2026-05-06,8,24,2,1472.52,2945.04
1743,22/9/2025,8,29,4,9524.23,38096.92
1744,2026-08-30,10,31,1,6656.62,6656.62
1745,2026-04-03,12,27,1,4004.08,4004.08
1746,2026-05-05,3,29,6,10747.64,64485.84
1747,2026-02-13,12,25,2,2664.09,5328.18
1748,2026-06-30,7,1,1,4674.58,4674.58
1749,2026-01-09,4,7,4,2958.98,11835.92
1750,2025-09-01,12,36,12,3533.35,42400.20
1751,2025-09-17,9,9,4,1895.41,7581.64
1752,2025-10-27,2,23,2,4241.45,8482.90
1753,31/12/2025,11,29,1,9496.39,9496.39
1754,10/3/2026,4,22,3,2651.41,7954.23
1755,17/05/2026,12,8,1,5809.73,5809.73
1756,2026-04-15,11,23,6,3815.91,22895.46
1757,09/08/2026,,36,6,3895.52,23373.12
1758,2026-03-04,9,19,4,5937.54,23750.16
1759,2026-02-18,1,29,2,9855.16,19710.32
1760,14/8/2026,2,10,1,2264.75,2264.75
1761,23/8/2026,11,19,6,6458.73,38752.38
1762,2025-09-17,12,34,6,6579.13,39474.78
1763,8/7/2026,4,8,3,5575.11,16725.33
1764,2025-11-21,5,23,2,3890.89,7781.78
1765,2026-04-19,11,9,12,2008.54,24102.48
1766,2025-12-21,5,18,12,2940.64,35287.68
1767,2026-01-23,10,23,1,3968.23,3968.23
1768,05/05/2026,7,3,6,4139.65,24837.90
1769,03/06/2026,9,35,2,2365.64,4731.28
1770,2026-06-05,6,27,12,4127.44,49529.28
1771,27/12/2025,8,37,2,1917.10,3834.20
1772,05/11/2025,2,36,1,3640.14,3640.14
1773,12/9/2025,7,23,12,3898.09,46777.08
1774,21/12/2025,12,40,1,4158.65,4158.65
1775,16/07/2026,8,5,6,1562.08,9372.48
1776,26/8/2026,1,39,3,1652.44,4957.32
1777,2026-05-17,5,19,6,6371.73,38230.38
1778,23/11/2025,1,4,1,2157.88,2157.88
1779,2025-09-24,6,23,1,4159.63,4159.63
1780,02/04/2026,12,25,6,2531.17,15187.02
1781,29/05/2026,3,29,2,9610.26,19220.52
1782,23/05/2026,3,1,6,4851.27,$ 29107.62
1783,24/12/2025,8,36,3,3737.33,$ 11211.99
1784,23/02/2026,10,15,2,2012.26,4024.52
1785,24/08/2026,11,13,4,3136.11,12544.44
1786,2025-12-09,6,39,12,1730.09,20761.08
1787,2026-05-02,2,999,4,982.92,3931.68
1788,28/09/2025,5,25,12,2632.90,31594.80
1789,2025-11-16,7,28,6,12352.51,74115.06
1790,2026-08-15,6,9,2,1917.76,3835.52
1791,05/09/2025,12,13,12,3183.09,38197.08
1792,2026-01-25,,19,1,6238.20,6238.20
1793,03/01/2026,1,26,2,3687.80,7375.60
1794,04/05/2026,,15,1,2254.45,2254.45
1795,2026-05-31,6,17,1,1798.35,1798.35
1796,30/05/2026,9,10,3,2322.75,6968.25
1797,2026-06-30,11,7,1,2942.39,2942.39
1798,27/12/2025,9,16,2,14161.35,28322.70
1799,2025-09-28,11,999,1,1060.44,1060.44
1800,2026-08-06,12,16,6,14017.63,84105.78
1801,11/8/2026,7,33,6,3035.69,18214.14
1802,2026-05-31,1,28,12,13827.45,165929.40
1803,2026-06-09,8,3,1,3883.55,3883.55
1804,2025-10-18,4,11,4,3732.00,14928.00
1805,2026-01-24,10,38,1,3341.18,3341.18
1806,28/03/2026,12,8,1,5737.49,5737.49
1807,2026-08-16,4,3,1,4071.11,4071.11
1808,21/11/2025,8,36,3,3739.81,11219.43
1809,2025-12-20,10,6,1,1089.51,1089.51
1810,30/09/2025,10,1,2,5022.57,10045.14
1811,2026-07-29,2,25,4,2764.04,11056.16
1812,2025-09-03,10,4,1,2207.53,2207.53
1813,18/06/2026,1,3,12,4039.51,48474.12
1814,2026-04-30,1,21,4,3066.24,12264.96
1815,01/06/2026,11,36,1,3943.25,3943.25
1816,01/07/2026,7,10,3,2392.85,7178.55
1817,2026-01-17,2,35,1,2525.71,2525.71
1818,2025-12-30,6,23,2,4098.43,8196.86
1819,2026-08-30,11,8,2,6018.91,12037.82
1820,24/11/2025,5,28,12,13504.00,162048.00
1821,2026-06-07,11,11,2,3328.81,6657.62
1822,20/11/2025,11,27,2,4260.29,8520.58
1823,2025-09-16,8,20,3,817.23,2451.69
1824,2026-06-12,5,35,12,2438.24,29258.88
1825,2026-07-21,3,24,4,1463.49,5853.96
1826,2026-07-22,7,13,12,3199.28,38391.36
1827,26/10/2025,5,39,2,1721.89,3443.78
1828,2026-04-18,5,2,1,1397.95,1397.95
1829,06/03/2026,10,25,12,2671.77,32061.24
1830,2026-01-02,4,6,4,957.39,3829.56
1831,2026-05-24,8,6,4,958.70,3834.80
1832,2025-11-30,2,16,1,13967.94,13967.94
1833,2026-04-13,4,22,12,2675.17,32102.04
1834,2026-02-04,7,8,6,5751.89,34511.34
1835,2026-08-04,9,18,1,3016.95,3016.95
1836,2025-11-09,5,21,2,3353.11,6706.22
1837,2025-10-01,5,19,1,6214.99,6214.99
1838,2026-04-18,5,30,4,15378.15,61512.60
1839,30/12/2025,6,11,2,3725.13,7450.26
1840,12/05/2026,3,1,1,5015.94,5015.94
1841,2025-09-10,9,13,2,3158.71,6317.42
1842,2026-08-19,5,18,1,2848.02,$ 2848.02
1843,8/11/2025,8,34,2,6105.07,12210.14
1844,23/08/2026,9,11,2,3791.44,7582.88
1845,2026-04-30,5,35,1,2304.39,2304.39
1846,15/11/2025,12,14,1,6952.16,6952.16
1847,2026-07-28,12,22,3,2563.80,7691.40
1848,2026-08-20,99,24,6,1618.05,9708.30
1849,2025-12-22,8,14,1,7068.14,7068.14
1850,20/4/2026,7,4,1,2230.82,2230.82
1851,2026-05-21,4,22,1,2339.97,2339.97
1852,2026-01-17,7,9,2,1777.24,3554.48
1853,2025-11-19,2,5,12,1465.27,17583.24
1854,2026-08-26,5,28,2,14144.05,28288.10
1855,24/08/2026,9,18,3,2878.36,8635.08
1856,2026-01-29,5,3,6,4300.80,25804.80
1857,2025-09-14,8,11,3,3342.47,10027.41
1858,2026-08-28,4,8,12,5770.97,69251.64
1859,22/03/2026,10,10,1,2482.28,2482.28
1860,2025-10-26,4,17,4,1708.57,6834.28
1861,2026-07-11,8,33,3,3400.77,10202.31
1862,29/08/2026,9,999,6,979.94,5879.64
1863,31/05/2026,4,8,1,6054.60,6054.60
1864,2026-03-20,8,14,1,6993.65,6993.65
1865,2026-06-17,3,28,1,12862.98,12862.98
1866,23/04/2026,3,35,12,2332.07,27984.84
1867,2026-05-23,5,13,1,3173.20,$ 3173.20
1868,2026-07-27,6,29,2,9656.25,19312.50
1869,2025-12-13,8,2,2,1375.24,2750.48
1870,2025-09-12,9,8,1,5359.95,5359.95
1871,26/04/2026,3,37,2,1991.16,3982.32
1872,2025-11-17,5,21,1,3300.65,3300.65
1873,2026-03-12,10,39,1,1680.38,1680.38
1874,2025-10-29,12,34,4,6463.84,25855.36
1875,13/10/2025,8,16,3,14233.03,42699.09
1876,10/3/2026,11,16,12,14524.58,174294.96
1877,11/05/2026,1,37,3,1904.73,5714.19
1878,2025-11-29,10,21,2,3364.96,6729.92
1879,22/06/2026,10,25,12,2540.47,30485.64
1880,2025-12-11,4,16,1,14405.46,14405.46
1881,2025-11-23,7,1,2,4888.07,9776.14
1882,2026-02-21,2,22,6,2477.77,14866.62
1883,26/04/2026,5,23,3,4088.15,12264.45
1884,28/05/2026,7,3,2,3879.21,7758.42
1885,26/02/2026,9,30,1,16896.66,16896.66
1886,2026-02-14,7,8,2,5592.38,11184.76
1887,2026-06-22,11,34,2,6303.05,12606.10
1888,2025-12-27,5,10,2,2346.08,4692.16
1889,2025-10-16,1,28,1,13565.59,13565.59
1890,2025-11-16,4,32,2,18728.78,37457.56
1891,2025-10-02,3,28,1,13016.49,13016.49
1892,2025-09-08,1,24,3,1512.89,4538.67
1893,2026-01-24,8,31,1,6414.56,6414.56
1894,2026-03-07,4,4,2,2350.17,4700.34
1895,2026-08-13,8,20,12,765.66,9187.92
1896,30/01/2026,10,32,4,16732.03,66928.12
1897,16/07/2026,6,12,4,1358.99,5435.96
1898,2026-05-08,2,24,1,1464.88,1464.88
1899,2026-01-29,,11,4,3335.25,13341.00
1900,2026-06-30,2,12,2,1319.01,2638.02
1901,2026-03-20,5,33,2,3195.22,6390.44
1902,24/01/2026,3,31,2,6149.87,12299.74
1903,2026-08-06,8,11,1,3659.61,3659.61
1904,2025-11-25,4,33,6,2951.49,17708.94
1905,2026-08-31,9,37,3,1895.46,5686.38
1906,24/06/2026,9,5,12,1619.18,19430.16
1907,2025-10-08,11,29,3,10616.10,31848.30
1908,2/6/2026,10,13,3,3068.76,9206.28
1909,2026-07-27,12,17,2,1789.05,3578.10
1910,26/03/2026,7,9,1,1835.52,1835.52
1911,2026-06-21,4,35,2,2286.70,4573.40
1912,2026-06-12,10,16,6,14463.45,86780.70
1913,2026-01-12,9,32,4,18780.51,75122.04
1914,29/1/2026,9,33,1,3392.85,3392.85
1915,2026-04-03,10,6,3,999.25,2997.75
1916,2026-04-06,6,8,2,5906.71,11813.42
1917,1/11/2025,5,10,1,2295.57,2295.57
1918,15/05/2026,12,7,12,2940.93,35291.16
1919,2026-05-18,9,32,12,17860.50,214326.00
1920,2026-05-22,8,9,2,1963.34,3926.68
1921,2026-08-12,6,27,1,4283.30,4283.30
1922,2026-01-27,11,31,1,6559.10,6559.10
1923,2026-07-16,4,999,1,1078.79,1078.79
1924,2026-04-03,1,9,1,1936.82,1936.82
1925,2026-04-02,6,2,1,1261.49,1261.49
1926,06/10/2025,5,17,2,1790.92,3581.84
1927,2026-03-06,4,33,1,3026.13,3026.13
1928,2025-12-11,7,6,3,970.65,2911.95
1929,2025-09-24,3,23,1,4232.19,4232.19
1930,07/02/2026,11,5,1,1418.17,1418.17
1931,2025-11-27,2,35,1,2429.95,2429.95
1932,2026-05-27,5,12,1,1394.92,1394.92
1933,2026-01-30,5,36,1,3641.83,3641.83
1934,22/06/2026,4,20,6,750.65,4503.90
1935,2026-03-24,6,8,2,5601.76,11203.52
1936,18/08/2026,12,26,3,3937.58,11812.74
1937,2026-06-04,1,17,1,1650.49,1650.49
1938,2025-11-02,6,10,2,2541.45,5082.90
1939,2025-12-18,5,17,6,1706.49,10238.94
1940,31/3/2026,7,36,3,3575.02,10725.06
1941,2026-02-26,11,8,1,6018.29,6018.29
1942,15/10/2025,5,19,12,6511.10,78133.20
1943,2026-04-14,4,14,1,7425.02,7425.02
1944,2026-01-07,,23,2,4326.56,8653.12
1945,2026-06-24,6,13,2,3050.20,6100.40
1946,13/08/2026,5,38,2,3610.57,7221.14
1947,2025-12-30,4,27,1,4319.12,4319.12
1948,2026-01-23,1,5,3,1423.23,4269.69
1949,2026-06-22,11,2,3,1391.22,4173.66
1950,2025-12-13,3,23,1,4106.36,4106.36
1951,2026-01-21,2,39,12,1769.29,21231.48
1952,2026-04-07,7,20,12,761.89,9142.68
1953,2026-02-21,3,1,1,5155.00,5155.00
1954,2025-11-21,99,10,2,2521.60,5043.20
1955,2026-04-19,7,27,6,4365.68,26194.08
1956,2026-02-26,9,30,1,14767.24,14767.24
1957,2026-01-02,3,32,2,18740.12,37480.24
1958,22/02/2026,5,31,1,6532.91,6532.91
1959,2026-06-19,2,1,12,4877.37,58528.44
1960,30/07/2026,9,21,2,3271.68,6543.36
1961,2025-12-05,3,8,1,5693.64,5693.64
1962,2026-03-05,11,7,3,3037.34,9112.02
1963,2025-09-10,8,10,2,2423.04,4846.08
1964,2026-08-12,1,20,4,815.07,3260.28
1965,2025-09-07,3,1,2,4743.32,9486.64
1966,2026-05-07,5,15,1,2030.14,2030.14
1967,05/07/2026,4,39,2,1841.84,3683.68
1968,16/04/2026,99,23,6,4283.60,25701.60
1969,2026-05-12,,21,1,3105.58,3105.58
1970,22/09/2025,8,28,1,13223.24,13223.24
1971,2025-10-01,1,15,2,2243.51,$ 4487.02
1972,2026-08-04,8,35,6,2391.52,14349.12
1973,2026-07-22,6,6,4,1003.23,4012.92
1974,2026-07-18,6,30,4,14778.86,59115.44
1975,2026-05-02,10,28,1,13226.25,13226.25
1976,2025-09-30,10,6,1,976.86,976.86
1977,2025-12-16,5,19,1,6501.71,6501.71
1978,09/09/2025,6,9,6,1814.75,$ 10888.50
1979,2026-08-16,4,33,2,3301.58,6603.16
1980,2026-04-12,11,21,2,3259.32,6518.64
1981,08/08/2026,9,6,6,1042.79,6256.74
1982,04/12/2025,4,6,12,957.70,11492.40
1983,2026-02-10,7,16,3,15178.30,45534.90
1984,2026-04-20,6,37,2,1956.54,$ 3913.08
1985,2026-07-28,5,26,2,4121.06,8242.12
1986,2026-08-04,5,40,4,4409.62,17638.48
1987,15/09/2025,11,33,3,3150.94,9452.82
1988,2025-12-17,1,38,1,3405.20,3405.20
1989,2026-05-18,5,2,6,1386.28,8317.68
1990,13/12/2025,7,1,4,4608.00,18432.00
1991,20/9/2025,10,39,6,1769.19,10615.14
1992,13/07/2026,6,30,12,16489.00,197868.00
1993,2026-07-18,3,23,2,4360.78,8721.56
1994,2026-02-23,4,4,12,2146.78,25761.36
1995,2026-01-23,8,12,2,1318.85,2637.70
1996,21/02/2026,,15,12,2297.22,27566.64
1997,2026-02-02,,35,2,2324.57,4649.14
1998,24/1/2026,9,35,6,2525.07,15150.42
1999,11/08/2026,12,28,12,12621.20,151454.40
2000,2026-07-01,3,36,1,3635.00,3635.00
2001,2025-10-05,2,30,2,16906.31,33812.62
2002,2026-08-29,3,5,1,1576.88,1576.88
2003,2025-09-07,99,38,6,3139.18,18835.08
2004,01/10/2025,1,4,4,2298.32,9193.28
2005,2025-09-28,6,36,1,3604.33,3604.33
2006,2026-07-25,7,7,6,2873.70,17242.20
2007,2026-04-04,1,30,2,15780.67,31561.34
2008,2026-02-12,8,16,4,14317.62,57270.48
2009,02/10/2025,3,32,4,18354.41,73417.64
2010,2026-04-10,10,27,2,4521.59,9043.18
2011,2026-01-24,10,16,1,15630.47,15630.47
2012,13/8/2026,6,22,2,2343.41,4686.82
2013,25/1/2026,3,7,12,3026.57,36318.84
2014,2025-10-14,2,39,6,1658.73,9952.38
2015,2026-07-03,10,4,1,2094.21,2094.21
2016,2025-09-14,2,4,4,2279.57,9118.28
2017,2025-09-05,4,3,1,4311.50,4311.50
2018,7/12/2025,4,39,6,1840.62,11043.72
2019,2026-08-16,1,24,2,1590.46,3180.92
2020,18/10/2025,7,23,1,3854.76,3854.76
2021,2025-11-24,3,30,6,14748.84,88493.04
2022,2026-06-13,11,35,4,2590.19,10360.76
2023,2026-08-27,12,32,2,18487.05,36974.10
2024,2025-11-08,10,4,2,2117.62,4235.24
2025,27/12/2025,2,26,12,3612.55,43350.60
2026,2025-10-08,5,35,3,2386.27,7158.81
2027,2026-08-12,3,13,1,3018.39,3018.39
2028,06/03/2026,7,8,1,5866.19,5866.19
2029,25/02/2026,7,33,1,3025.47,3025.47
2030,2026-06-20,3,16,1,13807.96,13807.96
2031,2026-03-18,3,27,1,4125.28,4125.28
2032,2026-03-12,5,7,3,2699.06,8097.18
2033,2026-05-17,9,18,6,3019.07,18114.42
2034,19/03/2026,1,20,12,807.32,9687.84
2035,2025-12-22,7,24,4,1565.23,6260.92
2036,24/09/2025,11,16,1,15042.21,15042.21
2037,2026-08-21,1,25,3,2640.34,7921.02
2038,19/02/2026,5,9,2,1882.04,3764.08
2039,2026-08-10,7,20,2,799.05,1598.10
2040,2026-01-12,,24,1,1445.66,1445.66
2041,2026-04-14,3,16,6,15805.59,94833.54
2042,2026-01-21,2,27,2,4310.69,8621.38
2043,2025-09-08,1,23,1,3863.61,3863.61
2044,01/11/2025,9,9,1,1949.59,1949.59
2045,05/09/2025,1,24,2,1577.58,3155.16
2046,31/10/2025,3,9,3,1933.64,5800.92
2047,2026-08-09,9,37,1,2049.12,2049.12
2048,19/08/2026,11,27,12,4207.51,50490.12
2049,2025-11-14,10,15,1,2057.17,2057.17
2050,11/07/2026,,26,1,4047.64,4047.64
2051,2026-04-12,8,5,6,1617.29,9703.74
2052,2025-12-05,2,6,2,957.00,1914.00
2053,2026-03-07,9,5,12,1470.63,17647.56
2054,2026-02-03,8,39,3,1656.54,$ 4969.62
2055,2025-09-08,10,28,1,13806.10,$ 13806.10
2056,02/10/2025,7,11,1,3330.79,3330.79
2057,2025-12-30,7,12,1,1410.27,1410.27
2058,2025-12-31,12,15,6,2219.41,13316.46
2059,2026-05-09,10,4,2,2316.40,4632.80
2060,2026-01-01,1,24,12,1545.22,18542.64
2061,2026-07-11,7,8,12,5602.73,67232.76
2062,2026-02-27,7,21,1,3361.50,3361.50
2063,2026-04-12,11,28,2,12531.76,25063.52
2064,2025-11-19,5,19,2,5886.32,11772.64
2065,21/5/2026,7,10,6,2318.01,13908.06
2066,2026-03-11,5,5,2,1509.76,3019.52
2067,2025-10-29,10,4,6,2292.05,13752.30
2068,2026-08-01,,38,1,3439.39,3439.39
2069,20/02/2026,2,2,2,1430.05,2860.10
2070,2026-02-18,3,37,4,1868.54,7474.16
2071,23/07/2026,12,11,2,3712.62,7425.24
2072,2026-01-24,11,11,2,3377.35,6754.70
2073,2026-08-01,12,32,2,18681.82,37363.64
2074,2025-09-16,8,32,2,18434.70,36869.40
2075,07/08/2026,10,20,2,773.50,1547.00
2076,2025-12-17,4,15,1,2213.32,2213.32
2077,2025-10-13,3,10,4,2529.42,$ 10117.68
2078,2025-10-14,6,15,1,2248.23,2248.23
2079,2026-06-05,9,38,1,3612.96,3612.96
2080,2026-04-01,11,12,2,1408.23,2816.46
2081,17/01/2026,,1,12,5221.01,62652.12
2082,2026-04-19,5,27,1,4546.64,4546.64
2083,2026-04-25,10,8,1,6065.42,6065.42
2084,2025-11-19,4,6,1,942.50,942.50
2085,27/12/2025,12,10,3,2317.30,6951.90
2086,2025-12-20,8,34,4,6113.77,24455.08
2087,2026-03-11,12,38,2,3577.37,7154.74
2088,07/09/2025,7,1,1,5198.04,5198.04
2089,2025-11-19,99,10,6,2545.53,15273.18
2090,2025-10-18,4,37,1,2030.91,2030.91
2091,2026-01-03,8,33,3,3196.22,9588.66
2092,09/08/2026,1,10,12,2363.41,28360.92
2093,21/09/2025,2,28,2,13799.11,27598.22
2094,2026-08-27,4,16,1,15401.06,15401.06
2095,2025-12-15,9,12,1,1230.85,1230.85
2096,07/04/2026,12,25,1,2699.51,2699.51
2097,15/01/2026,1,15,2,2172.39,4344.78
2098,2026-05-12,3,28,2,12504.93,25009.86
2099,2026-01-25,7,10,4,2382.64,9530.56
2100,2025-12-10,3,2,1,1281.01,1281.01
2101,28/02/2026,5,29,1,10066.04,10066.04
2102,2026-01-30,11,36,1,3931.08,3931.08
2103,2026-02-11,6,28,6,13158.67,78952.02
2104,2025-11-30,4,13,1,2963.22,2963.22
2105,2026-06-30,9,9,12,2016.31,24195.72
2106,2026-03-23,6,21,4,3367.67,13470.68
2107,7/6/2026,99,24,6,1548.66,9291.96
2108,2026-05-06,12,34,1,5766.89,5766.89
2109,2025-11-19,3,29,2,9528.62,19057.24
2110,15/06/2026,5,29,6,10062.97,60377.82
2111,2026-08-03,12,25,3,2564.82,7694.46
2112,2025-11-24,2,30,1,15543.74,15543.74
2113,07/04/2026,8,15,2,2135.50,4271.00
2114,2026-07-30,5,1,1,5273.76,5273.76
2115,2025-09-13,,7,1,2875.21,2875.21
2116,2026-01-03,10,13,1,3089.01,3089.01
2117,2026-01-13,,7,6,2663.77,15982.62
2118,27/03/2026,5,13,1,3193.75,3193.75
2119,2026-06-27,12,13,4,2884.61,11538.44
2120,30/12/2025,12,25,12,2702.91,32434.92
2121,2026-05-15,12,8,1,5953.64,5953.64
2122,2026-04-10,4,40,1,4037.55,4037.55
2123,2026-03-17,99,1,3,5069.42,15208.26
2124,2026-07-09,2,23,1,3948.64,3948.64
2125,2026-08-01,9,36,2,3521.63,7043.26
2126,18/10/2025,5,34,1,5826.00,5826.00
2127,2026-08-02,2,11,6,3739.34,22436.04
2128,2025-09-08,2,32,1,17160.36,17160.36
2129,2026-08-24,7,14,1,7453.82,7453.82
2130,2025-11-14,99,3,4,3881.41,15525.64
2131,2026-07-26,2,29,1,10128.02,10128.02
2132,03/11/2025,3,1,12,4762.89,57154.68
2133,16/01/2026,10,16,1,15212.53,15212.53
2134,2026-02-10,3,33,1,3300.19,3300.19
2135,2026-01-15,1,2,1,1319.27,1319.27
2136,27/07/2026,2,37,12,2035.98,24431.76
2137,2026-04-24,3,12,3,1413.56,4240.68
2138,2026-07-04,11,39,12,1783.28,21399.36
2139,2026-01-02,9,18,1,2811.18,2811.18
2140,06/06/2026,2,16,2,15620.71,31241.42
2141,2026-02-03,8,7,2,2962.96,5925.92
2142,2025-09-10,4,31,2,6903.64,13807.28
2143,2026-05-24,8,26,1,3960.06,3960.06
2144,2026-01-31,12,19,1,6522.45,6522.45
2145,01/08/2026,2,28,2,13860.96,27721.92
2146,2026-06-18,6,14,1,7126.62,7126.62
2147,2026-04-03,6,38,6,3535.54,21213.24
2148,2025-12-15,11,32,12,17014.68,204176.16
2149,2025-12-21,6,14,1,7289.13,7289.13
2150,2025-12-13,6,11,1,3456.36,3456.36
2151,31/10/2025,12,25,2,2798.31,5596.62
2152,24/04/2026,5,28,4,12831.42,51325.68
2153,2026-01-25,1,39,1,1664.97,1664.97
2154,20/04/2026,5,25,2,2776.60,5553.20
2155,14/12/2025,9,6,1,1087.33,1087.33
2156,2026-08-23,9,12,2,1375.08,2750.16
2157,2026-07-06,7,37,2,1939.61,3879.22
2158,2026-04-15,3,16,2,15630.95,31261.90
2159,2026-02-06,,13,1,3187.61,3187.61
2160,2/1/2026,11,1,3,5220.20,15660.60
2161,19/09/2025,12,39,1,1653.13,1653.13
2162,2026-05-03,5,4,1,2243.17,2243.17
2163,12/09/2025,8,36,12,3601.93,43223.16
2164,2026-06-21,8,23,6,4162.67,24976.02
2165,2026-07-04,6,9,1,1852.92,1852.92
2166,09/04/2026,8,7,1,2709.92,2709.92
2167,2025-11-30,2,12,12,1323.99,15887.88
2168,16/10/2025,9,37,2,1913.11,3826.22
2169,2026-02-20,6,23,6,3935.74,23614.44
2170,2025-11-27,3,2,3,1388.84,4166.52
2171,2025-10-29,4,22,2,2393.85,4787.70
2172,2026-01-01,,2,4,1436.98,5747.92
2173,14/04/2026,6,8,3,5612.92,16838.76
2174,17/3/2026,3,34,2,6333.22,12666.44
2175,2026-06-20,8,3,1,4301.89,4301.89
2176,2025-12-19,2,4,1,2252.35,2252.35
2177,2026-01-31,3,4,2,2159.19,4318.38
2178,2025-12-15,5,6,6,947.89,5687.34
2179,19/01/2026,2,6,3,1005.50,3016.50
2180,18/10/2025,1,27,2,4425.14,8850.28
2181,2026-01-30,5,7,3,2673.92,8021.76
2182,2025-09-24,7,10,3,2378.60,7135.80
2183,2026-08-13,3,35,2,2497.31,4994.62
2184,2026-03-04,5,9,4,1790.04,7160.16
2185,2026-07-24,11,10,2,2353.23,4706.46
2186,2026-02-10,3,6,1,1042.80,1042.80
2187,2026-04-25,,27,12,4213.46,50561.52
2188,12/08/2026,11,12,12,1246.17,14954.04
2189,2026-08-06,1,16,1,14757.96,14757.96
2190,2026-06-24,2,39,1,1762.31,1762.31
2191,26/10/2025,4,1,1,4890.71,4890.71
2192,23/10/2025,6,23,2,4309.37,8618.74
2193,2025-11-04,6,5,1,1443.53,1443.53
2194,2026-08-15,5,36,1,3788.57,3788.57
2195,13/07/2026,11,13,3,3198.89,9596.67
2196,2026-06-26,1,39,4,1824.26,7297.04
2197,2025-11-02,2,4,6,2302.56,13815.36
2198,12/2/2026,3,28,2,13201.24,26402.48
2199,2026-07-14,5,12,2,1235.39,2470.78
2200,2026-08-26,3,28,4,13356.20,53424.80
2201,18/05/2026,10,4,6,2276.82,13660.92
2202,2026-03-30,6,37,2,1951.24,3902.48
2203,2025-10-19,2,19,6,5859.18,35155.08
2204,2026-07-15,2,1,3,4694.98,14084.94
2205,2026-04-21,11,1,1,4812.83,4812.83
2206,2026-05-26,3,40,2,4034.37,8068.74
2207,12/05/2026,1,28,4,13298.12,53192.48
2208,24/10/2025,11,27,1,4508.45,4508.45
2209,19/05/2026,4,9,2,1952.30,3904.60
2210,2026-05-21,11,33,12,3153.52,37842.24
2211,2026-01-15,1,31,2,6900.01,13800.02
2212,2026-03-17,11,40,2,4075.11,8150.22
2213,17/08/2026,8,35,6,2483.73,14902.38
2214,09/04/2026,8,13,2,3180.54,6361.08
2215,27/02/2026,10,7,12,2847.91,34174.92
2216,2025-10-06,5,4,2,2362.83,4725.66
2217,2026-01-01,7,15,12,2270.93,27251.16
2218,09/02/2026,5,12,3,1239.88,3719.64
2219,20/5/2026,3,15,4,2034.80,8139.20
2220,21/09/2025,9,18,6,2883.09,17298.54
2221,2026-06-21,9,3,6,3865.57,23193.42
2222,2026-01-23,12,22,3,2614.85,7844.55
2223,01/04/2026,8,13,3,3074.38,9223.14
2224,2026-05-25,6,3,12,3993.25,47919.00
2225,2026-03-04,2,14,4,7484.63,29938.52
2226,21/06/2026,7,12,1,1273.19,1273.19
2227,24/01/2026,4,39,1,1811.94,1811.94
2228,2026-07-07,4,26,2,4031.53,8063.06
2229,23/07/2026,4,23,12,3796.36,45556.32
2230,2026-01-17,6,25,1,2779.82,2779.82
2231,27/06/2026,8,5,1,1602.42,1602.42
2232,2025-09-15,7,28,12,13433.80,161205.60
2233,09/12/2025,2,27,2,4445.82,8891.64
2234,2025-09-19,7,36,1,3934.99,3934.99
2235,2025-09-06,99,36,4,3863.79,15455.16
2236,2026-01-07,12,36,1,3878.25,3878.25
2237,20/05/2026,5,13,1,3097.05,3097.05
2238,2025-11-23,3,40,2,3960.75,7921.50
2239,2026-07-17,7,38,4,3151.46,12605.84
2240,8/11/2025,6,29,1,9549.85,9549.85
2241,2026-07-01,10,28,3,14116.51,42349.53
2242,2026-07-22,6,7,1,3057.10,3057.10
2243,25/06/2026,1,7,1,2788.96,2788.96
2244,2025-12-11,5,23,6,3867.05,23202.30
2245,1/9/2025,10,29,12,10708.87,128506.44
2246,30/10/2025,,9,1,2014.33,2014.33
2247,2026-03-14,10,10,2,2488.39,4976.78
2248,2025-11-07,7,3,3,4269.86,12809.58
2249,2025-10-07,5,21,1,3188.51,3188.51
2250,11/02/2026,5,17,3,1579.56,4738.68
2251,2025-10-22,,14,2,7319.59,14639.18
2252,31/03/2026,8,10,12,2475.27,29703.24
2253,2026-04-20,,34,12,6433.73,77204.76
2254,2026-06-06,8,8,2,5775.68,11551.36
2255,2026-02-23,12,999,6,1081.26,6487.56
2256,2026-04-02,11,2,3,1261.15,3783.45
2257,2026-01-11,11,29,2,10443.91,20887.82
2258,2026-05-05,7,15,4,2227.48,8909.92
2259,29/06/2026,4,17,12,1704.43,20453.16
2260,2026-02-21,5,2,1,1333.51,1333.51
2261,07/09/2025,2,26,1,3924.46,3924.46
2262,2026-03-23,3,21,2,3254.45,6508.90
2263,2026-08-24,8,9,3,2034.23,6102.69
2264,18/11/2025,1,37,2,2071.91,4143.82
2265,2026-01-04,5,33,1,3352.72,3352.72
2266,2025-10-06,8,23,1,4064.05,4064.05
2267,09/01/2026,11,23,2,4289.58,8579.16
2268,25/02/2026,6,20,12,797.51,9570.12
2269,2025-10-21,8,19,6,5968.51,35811.06
2270,2026-01-07,9,9,3,1881.44,5644.32
2271,2025-11-07,5,40,1,4222.08,4222.08
2272,2026-04-23,2,17,1,1575.23,1575.23
2273,2026-06-07,5,39,4,1802.95,7211.80
2274,2026-02-25,8,34,1,6290.23,6290.23
2275,2025-12-25,6,4,6,2325.67,13954.02
2276,2026-04-24,7,37,1,1858.61,1858.61
2277,05/05/2026,7,22,3,2545.33,7635.99
2278,2026-04-09,12,5,1,1502.61,1502.61
2279,2026-01-24,10,21,2,3151.34,6302.68
2280,2026-06-14,4,12,3,1337.15,4011.45
2281,2025-11-22,2,34,1,6060.84,6060.84
2282,24/05/2026,12,29,3,9394.67,28184.01
2283,2026-08-12,10,23,2,3907.47,7814.94
2284,2025-11-15,8,31,3,6800.39,20401.17
2285,2026-03-28,6,24,3,1589.33,4767.99
2286,2025-11-10,11,19,1,6376.86,6376.86
2287,2026-02-07,1,10,1,2535.05,2535.05
2288,02/01/2026,12,14,1,7026.07,7026.07
2289,2026-01-29,1,6,1,1048.96,1048.96
2290,2026-07-19,11,27,6,4391.62,26349.72
2291,27/10/2025,5,3,3,3889.83,11669.49
2292,11/06/2026,6,1,2,4816.84,9633.68
2293,2026-04-27,9,37,1,1891.52,1891.52
2294,28/4/2026,3,16,2,15507.95,31015.90
2295,2026-06-29,1,35,1,2301.49,2301.49
2296,15/03/2026,8,3,2,4299.04,8598.08
2297,2026-02-19,11,1,1,5106.34,5106.34
2298,2026-07-11,2,4,3,2311.31,6933.93
2299,2026-02-07,,33,2,3351.30,6702.60
2300,2026-05-01,11,36,12,3569.74,42836.88
2301,2026-04-04,1,33,4,3392.81,13571.24
2302,2026-06-14,3,36,4,3890.86,15563.44
2303,03/09/2025,,14,1,7133.36,7133.36
2304,2026-04-30,2,23,3,3925.28,11775.84
2305,2026-02-17,5,5,2,1499.60,2999.20
2306,30/5/2026,2,22,3,2328.19,6984.57
2307,2026-05-05,2,14,1,6893.88,6893.88
2308,2025-10-31,3,28,2,13777.71,27555.42
2309,2026-05-06,7,17,1,1813.90,1813.90
2310,2025-09-27,11,35,4,2496.54,9986.16
2311,2026-05-12,4,37,2,2013.73,4027.46
2312,2026-05-19,4,34,2,6119.83,12239.66
2313,2026-06-06,1,33,1,3185.88,3185.88
2314,2026-01-23,6,12,12,1313.04,15756.48
2315,2025-09-29,9,15,6,2164.93,12989.58
2316,2026-06-02,2,14,12,6673.94,80087.28
2317,29/03/2026,3,40,4,3923.28,15693.12
2318,18/09/2025,11,17,3,1591.13,4773.39
2319,29/10/2025,7,17,2,1743.62,3487.24
2320,2025-12-16,8,999,6,962.30,5773.80
2321,2026-04-08,7,23,12,3796.97,45563.64
2322,2026-05-05,3,20,3,758.97,2276.91
2323,2026-02-20,1,34,1,5824.80,5824.80
2324,15/10/2025,5,31,2,6648.14,13296.28
2325,2026-05-08,12,27,1,4446.99,4446.99
2326,17/07/2026,5,33,2,3209.45,6418.90
2327,2026-07-06,6,11,6,3528.96,21173.76
2328,03/10/2025,6,20,3,810.29,2430.87
2329,2026-05-19,2,37,6,1934.02,11604.12
2330,2026-06-13,2,6,1,1055.47,1055.47
2331,2026-05-21,3,11,1,3664.49,3664.49
2332,2026-01-31,4,1,12,5319.86,63838.32
2333,2026-03-23,6,40,1,3934.80,3934.80
2334,19/07/2026,1,39,1,1686.89,1686.89
2335,2026-01-26,4,12,2,1296.39,2592.78
2336,2025-09-25,4,18,2,2765.39,5530.78
2337,22/10/2025,12,16,2,14828.49,29656.98
2338,2026-04-02,9,3,12,4144.68,49736.16
2339,2026-01-03,6,17,4,1619.40,6477.60
2340,08/03/2026,7,36,3,3723.81,11171.43
2341,2026-02-21,4,30,2,15820.72,31641.44
2342,23/09/2025,11,13,1,2875.23,2875.23
2343,18/08/2026,9,37,3,1994.34,5983.02
2344,22/06/2026,4,20,12,832.75,9993.00
2345,2026-04-30,10,15,4,2215.58,8862.32
2346,16/03/2026,4,39,1,1721.09,1721.09
2347,2025-09-07,6,19,1,6350.95,6350.95
2348,2026-08-04,9,2,3,1426.04,4278.12
2349,20/09/2025,3,35,3,2506.73,7520.19
2350,12/01/2026,9,21,2,3361.20,6722.40
2351,2025-10-30,1,30,12,16936.29,203235.48
2352,2026-07-05,6,29,1,10737.03,10737.03
2353,2026-05-18,5,3,4,4109.46,$ 16437.84
2354,2025-11-20,3,26,2,3721.14,7442.28
2355,26/10/2025,11,25,2,2754.76,5509.52
2356,2025-11-25,9,37,2,2078.60,4157.20
2357,2026-05-08,1,3,6,3941.51,23649.06
2358,2026-05-04,6,9,6,1978.88,11873.28
2359,2026-08-04,1,27,12,4495.56,53946.72
2360,26/11/2025,10,17,12,1711.58,20538.96
2361,2025-10-13,7,12,6,1233.92,7403.52
2362,30/09/2025,3,15,1,2260.09,2260.09
2363,2026-01-08,10,8,2,5651.14,11302.28
2364,2026-01-11,12,40,6,4109.92,24659.52
2365,2026-01-27,9,24,1,1521.99,1521.99
2366,2025-12-27,4,2,6,1273.03,7638.18
2367,2025-09-29,12,15,6,2002.32,12013.92
2368,2025-10-17,3,6,1,1084.66,1084.66
2369,2025-11-15,8,33,6,3333.37,20000.22
2370,2026-02-13,8,23,3,4340.93,13022.79
2371,21/06/2026,10,20,3,831.37,2494.11
2372,11/01/2026,9,30,2,16431.19,32862.38
2373,31/12/2025,9,24,3,1475.03,4425.09
2374,2026-01-31,99,37,1,2087.67,2087.67
2375,23/12/2025,5,37,6,1872.44,11234.64
2376,2025-09-13,3,21,2,3263.50,6527.00
2377,08/01/2026,5,8,6,5855.15,35130.90
2378,2026-01-27,7,1,12,4774.45,57293.40
2379,2025-09-28,10,15,1,2283.18,2283.18
2380,2025-10-27,7,13,6,2862.48,17174.88
2381,2026-03-16,3,24,4,1457.99,5831.96
2382,2026-06-06,8,20,12,783.45,9401.40
2383,1/9/2025,9,34,12,6013.61,72163.32
2384,23/02/2026,5,24,1,1496.24,1496.24
2385,2026-04-02,5,39,1,1655.05,1655.05
2386,2026-06-22,8,2,4,1396.26,5585.04
2387,2025-10-26,10,18,1,2861.56,2861.56
2388,17/07/2026,9,23,2,4305.45,8610.90
2389,2026-06-23,9,13,2,2881.65,5763.30
2390,18/08/2026,11,8,2,5705.84,11411.68
2391,20/01/2026,,33,1,3158.19,3158.19
2392,13/07/2026,1,25,1,2841.96,2841.96
2393,2026-03-24,4,38,2,3556.33,7112.66
2394,2026-08-02,4,20,2,809.16,1618.32
2395,2025-11-06,12,999,6,963.83,5782.98
2396,2026-05-04,2,9,2,1942.58,3885.16
2397,2026-06-28,10,39,12,1868.19,22418.28
2398,2025-12-20,2,7,2,2698.73,5397.46
2399,2026-03-13,10,9,1,1933.86,$ 1933.86
2400,2026-02-19,4,18,1,2896.31,2896.31
2401,2026-06-10,3,10,1,2219.64,2219.64
2402,28/02/2026,4,35,1,2565.74,2565.74
2403,28/08/2026,1,36,3,3555.10,10665.30
2404,2026-01-20,8,18,6,2880.47,17282.82
2405,2025-09-20,1,27,2,4135.18,$ 8270.36
2406,18/11/2025,8,35,1,2488.58,2488.58
2407,2025-12-20,9,21,1,3337.53,3337.53
2408,2025-12-16,11,12,4,1349.75,5399.00
2409,2026-01-29,5,24,2,1477.96,2955.92
2410,2026-03-12,10,33,3,3169.91,9509.73
2411,2025-11-05,3,5,6,1497.83,8986.98
2412,2026-07-16,6,15,4,2114.34,8457.36
2413,2026-08-07,8,10,12,2219.00,26628.00
2414,2026-03-01,2,39,1,1796.86,1796.86
2415,2026-08-27,4,24,6,1568.10,9408.60
2416,2026-05-10,9,10,1,2341.08,2341.08
2417,2026-08-03,10,11,3,3745.97,11237.91
2418,2026-04-01,9,23,12,4199.85,50398.20
2419,29/06/2026,12,18,12,3133.57,37602.84
2420,2026-05-07,1,17,2,1780.65,3561.30
2421,19/06/2026,5,40,1,4228.96,4228.96
2422,2026-03-26,9,37,6,1906.78,$ 11440.68
2423,15/02/2026,7,32,1,17549.55,17549.55
2424,2026-03-08,7,22,6,2530.42,15182.52
2425,2025-10-29,2,30,12,15917.19,191006.28
2426,2026-01-25,,31,2,6156.57,12313.14
2427,2026-05-19,5,19,3,6160.49,18481.47
2428,2026-05-09,2,35,4,2537.40,10149.60
2429,2026-05-05,9,15,4,2104.65,8418.60
2430,2026-02-19,10,36,2,3506.70,7013.40
2431,2026-03-12,10,13,3,3109.40,9328.20
2432,10/06/2026,10,22,1,2650.86,2650.86
2433,2026-06-10,4,18,4,3112.91,12451.64
2434,2026-04-04,8,32,3,18632.71,55898.13
2435,2026-04-05,3,19,12,6281.63,75379.56
2436,2026-01-22,9,35,4,2346.96,9387.84
2437,2025-10-20,11,1,4,4680.20,18720.80
2438,2025-09-26,5,17,1,1808.49,1808.49
2439,2026-05-06,11,6,1,1087.54,1087.54
2440,2026-08-13,3,14,2,6902.61,13805.22
2441,2026-07-22,5,25,4,2740.13,10960.52
2442,2025-11-07,4,999,3,971.81,2915.43
2443,2026-01-25,11,21,1,3430.82,3430.82
2444,2025-10-17,4,26,4,3859.92,15439.68
2445,2026-02-06,7,4,6,2178.37,13070.22
2446,2025-10-03,9,34,6,6470.12,38820.72
2447,2026-01-08,6,28,1,12785.57,12785.57
2448,21/02/2026,6,19,2,6210.56,12421.12
2449,2025-11-04,11,31,3,6844.34,20533.02
2450,2025-09-06,5,39,6,1864.86,11189.16
2451,2026-01-22,12,4,2,2230.18,4460.36
2452,24/5/2026,6,39,2,1753.08,3506.16
2453,2026-06-02,6,5,3,1550.58,4651.74
2454,2026-06-06,6,17,6,1584.50,9507.00
2455,28/01/2026,5,35,6,2338.40,14030.40
2456,07/06/2026,2,40,4,4405.63,17622.52
2457,17/06/2026,2,27,6,4501.71,27010.26
2458,2025-10-23,5,36,2,3913.99,7827.98
2459,2025-10-02,6,14,4,6653.23,26612.92
2460,2026-02-03,99,5,2,1599.60,3199.20
2461,2026-07-01,5,10,2,2289.16,4578.32
2462,01/10/2025,10,13,4,3137.24,12548.96
2463,13/10/2025,3,19,12,6388.46,76661.52
2464,2025-10-20,1,1,3,4678.68,14036.04
2465,2025-11-17,4,32,1,17485.87,17485.87
2466,2026-03-28,7,34,2,6151.81,12303.62
2467,9/10/2025,5,39,2,1631.27,3262.54
2468,2026-03-03,10,5,2,1518.24,3036.48
2469,2026-06-09,6,22,6,2423.56,14541.36
2470,14/08/2026,11,999,4,985.04,3940.16
2471,2026-06-13,11,28,1,13961.03,13961.03
2472,2026-03-27,8,30,2,16615.11,33230.22
2473,2026-05-14,7,9,6,1931.59,11589.54
2474,2025-11-29,4,39,1,1684.04,1684.04
2475,12/07/2026,10,24,12,1506.94,18083.28
2476,2026-02-02,3,28,1,12816.85,12816.85
2477,2026-01-04,5,16,1,15637.29,15637.29
2478,2025-12-04,8,8,2,5413.26,10826.52
2479,2026-03-01,6,27,1,4234.18,4234.18
2480,05/03/2026,12,25,6,2861.36,17168.16
2481,2025-11-03,7,1,12,5222.80,62673.60
2482,2025-09-22,6,10,4,2355.02,9420.08
2483,2026-03-20,11,31,12,6275.63,75307.56
2484,2/6/2026,1,12,2,1386.96,2773.92
2485,30/06/2026,7,6,6,1024.91,6149.46
2486,25/01/2026,7,3,2,4078.02,8156.04
2487,25/01/2026,3,21,4,3130.42,12521.68
2488,2026-02-17,10,15,4,2282.25,9129.00
2489,2026-05-21,7,12,12,1366.80,16401.60
2490,18/2/2026,,8,3,5719.17,17157.51
2491,2026-01-18,4,14,2,6570.58,13141.16
2492,2026-04-18,12,33,2,3049.45,6098.90
2493,2026-08-25,99,5,6,1579.80,9478.80
2494,2026-05-02,4,14,12,7179.22,86150.64
2495,2025-10-30,2,24,2,1529.36,3058.72
2496,2025-09-20,5,35,3,2281.94,6845.82
2497,2026-07-02,,5,12,1612.79,19353.48
2498,2026-07-20,12,37,1,1854.44,1854.44
2499,2026-02-23,1,17,1,1674.10,1674.10
2500,2025-12-05,12,26,2,3672.78,7345.56
2501,23/09/2025,12,17,2,1646.53,3293.06
2502,2025-12-24,5,12,2,1409.47,2818.94
2503,2026-02-14,10,1,1,4808.94,4808.94
2504,25/03/2026,10,35,1,2413.43,2413.43
2505,2026-02-26,7,36,6,3443.47,20660.82
2506,2026-07-16,6,35,1,2565.41,2565.41
2507,2026-08-27,9,26,1,4097.17,4097.17
2508,2025-10-09,8,38,2,3445.53,6891.06
2509,2025-09-12,3,26,2,3584.38,7168.76
2510,29/05/2026,11,7,3,2771.32,8313.96
2511,2025-11-11,5,7,3,2708.83,8126.49
2512,20/08/2026,10,32,1,17226.69,17226.69
2513,2025-09-05,3,35,4,2407.33,9629.32
2514,2026-01-09,2,34,3,6052.27,18156.81
2515,2026-07-10,6,25,2,2567.62,5135.24
2516,2026-06-12,6,7,12,2741.92,32903.04
2517,18/07/2026,4,4,1,2196.13,2196.13
2518,2025-10-12,1,12,2,1282.05,2564.10
2519,2026-02-02,4,9,6,1813.27,10879.62
2520,2025-09-05,12,35,12,2309.60,27715.20
2521,13/08/2026,6,16,1,14578.71,14578.71
2522,01/01/2026,6,3,2,4192.49,8384.98
2523,2026-03-27,5,23,12,3957.04,47484.48
2524,08/12/2025,8,5,1,1475.85,1475.85
2525,2026-04-12,99,34,6,5732.37,34394.22
2526,2026-08-03,6,27,1,4368.46,4368.46
2527,2026-01-18,6,31,2,6848.95,13697.90
2528,19/9/2025,3,9,12,2029.19,24350.28
2529,25/02/2026,4,19,6,6074.90,36449.40
2530,2026-04-28,1,31,2,6384.00,12768.00
2531,2026-04-10,6,39,6,1846.44,11078.64
2532,29/1/2026,8,16,1,14461.21,14461.21
2533,2025-09-04,10,29,1,9334.08,9334.08
2534,2025-12-10,6,38,12,3439.67,41276.04
2535,2026-05-19,3,19,1,6077.17,6077.17
2536,26/01/2026,10,24,4,1454.54,5818.16
2537,2026-01-07,2,1,1,5056.17,5056.17
2538,2026-02-05,6,5,1,1421.93,1421.93
2539,2026-05-16,9,32,1,17873.09,17873.09
2540,2025-10-29,11,6,2,1066.89,2133.78
2541,2025-11-09,3,32,12,18376.19,220514.28
2542,2025-11-13,4,35,12,2508.28,30099.36
2543,2026-04-16,10,28,12,13959.66,167515.92
2544,29/04/2026,7,27,4,4008.86,16035.44
2545,2026-05-22,7,37,6,2119.63,12717.78
2546,2026-07-29,99,18,2,3033.03,6066.06
2547,2025-11-14,7,13,3,3068.81,9206.43
2548,2025-12-02,11,24,2,1546.80,3093.60
2549,2026-07-29,1,13,4,2833.16,11332.64
2550,2026-07-09,4,40,4,4154.59,16618.36
2551,10/04/2026,5,9,6,1776.15,10656.90
2552,2026-02-01,3,23,2,3824.28,7648.56
2553,19/03/2026,7,14,1,6776.10,6776.10
2554,2025-11-01,6,30,1,16243.48,16243.48
2555,2026-04-25,10,24,2,1485.49,2970.98
2556,2025-11-07,10,9,4,1788.49,7153.96
2557,2026-03-16,5,10,1,2373.91,2373.91
2558,2026-05-12,7,23,1,4307.65,4307.65
2559,26/4/2026,4,27,1,4385.96,4385.96
2560,09/07/2026,2,4,2,2324.73,4649.46
2561,03/04/2026,6,12,3,1408.02,4224.06
2562,2026-05-12,9,15,3,2213.23,6639.69
2563,04/11/2025,3,29,4,9920.39,39681.56
2564,08/02/2026,8,7,2,3002.02,6004.04
2565,2025-10-27,2,37,2,1856.97,3713.94
2566,2025-12-23,1,31,4,6624.53,26498.12
2567,2025-09-11,11,36,1,3705.00,3705.00
2568,19/03/2026,12,32,4,17311.37,69245.48
2569,2025-11-14,6,5,12,1578.91,18946.92
2570,30/5/2026,6,29,3,9580.13,28740.39
2571,14/02/2026,7,16,1,13906.19,13906.19
2572,2026-01-21,11,36,1,3765.30,3765.30
2573,2026-07-18,4,13,2,3198.71,$ 6397.42
2574,2026-04-22,2,24,1,1515.10,1515.10
2575,2026-02-09,9,11,3,3331.59,9994.77
2576,02/03/2026,6,39,1,1702.55,1702.55
2577,2025-12-09,1,2,12,1379.58,16554.96
2578,2025-09-27,5,31,4,6244.93,24979.72
2579,2026-05-16,12,14,1,7084.78,7084.78
2580,2026-01-28,6,26,2,4076.61,8153.22
2581,2026-05-16,1,10,4,2406.05,9624.20
2582,2026-04-03,3,1,6,5233.61,31401.66
2583,2026-03-13,9,4,12,2278.40,27340.80
2584,2025-11-15,2,39,12,1672.64,20071.68
2585,2025-09-02,6,12,12,1231.01,14772.12
2586,2026-06-13,7,34,1,6414.52,6414.52
2587,2025-09-06,10,27,1,4041.36,4041.36
2588,30/01/2026,12,16,6,15782.02,94692.12
2589,2026-01-31,2,25,6,2737.88,16427.28
2590,2026-02-27,1,37,3,2133.56,6400.68
2591,2026-06-07,2,37,2,2098.30,4196.60
2592,20/02/2026,10,36,6,3712.73,22276.38
2593,24/11/2025,8,36,2,3704.02,7408.04
2594,26/04/2026,10,39,2,1618.24,3236.48
2595,2026-06-04,12,12,2,1408.65,2817.30
2596,2026-08-23,9,38,6,3257.03,19542.18
2597,2025-11-18,11,12,1,1307.40,1307.40
2598,2026-05-26,8,32,1,18129.38,18129.38
2599,22/01/2026,7,11,2,3369.02,6738.04
2600,2026-06-02,7,22,2,2519.66,5039.32
2601,2026-03-15,6,29,6,10386.87,62321.22
2602,2026-01-29,2,28,6,12551.48,75308.88
2603,19/03/2026,5,32,3,19081.34,57244.02
2604,18/08/2026,12,2,4,1262.47,5049.88
2605,2026-01-12,2,4,12,2128.83,25545.96
2606,2026-01-12,5,20,1,778.00,778.00
2607,21/09/2025,8,15,12,2016.89,24202.68
2608,2025-12-29,12,32,12,16936.99,203243.88
2609,2026-01-23,6,40,1,4050.39,4050.39
2610,2025-11-14,1,12,12,1225.63,14707.56
2611,2025-11-16,4,39,4,1686.43,6745.72
2612,2025-11-16,7,39,4,1815.80,7263.20
2613,09/06/2026,9,24,1,1475.42,1475.42
2614,2026-07-13,8,30,2,15742.04,31484.08
2615,2026-01-26,8,6,12,1020.09,12241.08
2616,2025-12-31,9,30,1,15833.45,15833.45
2617,20/03/2026,1,8,6,6095.13,36570.78
2618,2026-04-30,7,25,1,2697.63,2697.63
2619,2026-06-11,4,27,3,4300.36,12901.08
2620,2025-10-10,2,28,4,13040.64,52162.56
2621,11/10/2025,10,5,2,1437.47,2874.94
2622,2026-05-26,,16,2,14952.47,29904.94
2623,15/2/2026,9,14,3,6947.47,20842.41
2624,2025-09-10,1,33,1,3085.47,3085.47
2625,2026-05-23,12,11,4,3321.22,13284.88
2626,04/12/2025,5,19,4,6371.44,25485.76
2627,2026-04-18,2,5,1,1618.85,1618.85
2628,27/03/2026,7,1,1,4970.00,4970.00
2629,16/05/2026,3,33,2,3330.16,6660.32
2630,26/04/2026,10,20,1,762.97,762.97
2631,2026-03-30,11,28,6,12710.05,76260.30
2632,04/04/2026,12,1,1,4720.82,4720.82
2633,2026-02-12,4,26,1,3919.31,3919.31
2634,2026-06-11,9,27,1,4440.51,4440.51
2635,2026-01-14,5,37,4,2073.65,8294.60
2636,2026-07-19,5,33,12,2971.22,35654.64
2637,12/09/2025,9,23,4,3961.95,15847.80
2638,2026-02-28,7,40,6,4425.14,26550.84
2639,1/11/2025,3,31,1,6099.68,6099.68
2640,2026-07-21,11,3,3,4248.22,12744.66
2641,2026-01-23,11,25,2,2616.10,5232.20
2642,2026-06-05,4,24,1,1421.09,1421.09
2643,2025-12-08,4,39,2,1772.52,3545.04
2644,2026-05-29,2,39,4,1719.70,6878.80
2645,2025-10-13,11,5,2,1563.88,3127.76
2646,10/02/2026,3,19,3,6583.63,19750.89
2647,14/09/2025,9,28,1,12788.09,12788.09
2648,2025-10-17,10,17,6,1597.91,9587.46
2649,2026-05-19,8,10,1,2485.27,2485.27
2650,10/12/2025,11,39,2,1621.25,3242.50
2651,2025-10-26,12,40,12,4411.98,52943.76
2652,15/03/2026,3,10,2,2549.03,$ 5098.06
2653,24/4/2026,6,32,1,16925.49,16925.49
2654,10/05/2026,11,11,2,3309.91,6619.82
2655,2025-11-07,7,33,6,3129.59,18777.54
2656,01/11/2025,10,27,6,4566.83,27400.98
2657,2026-08-01,8,18,1,2802.89,2802.89
2658,2025-12-12,4,38,2,3411.92,6823.84
2659,2025-10-02,12,8,4,5556.31,22225.24
2660,07/05/2026,2,16,2,14979.50,29959.00
2661,2026-08-09,5,21,6,3185.99,19115.94
2662,2026-03-02,3,15,1,2190.67,2190.67
2663,2026-03-16,12,5,1,1448.48,1448.48
2664,30/07/2026,99,5,1,1455.85,1455.85
2665,2026-07-04,5,18,1,3167.40,3167.40
2666,30/09/2025,6,2,3,1440.19,4320.57
2667,2025-12-14,1,38,3,3223.51,9670.53
2668,20/05/2026,12,38,1,3241.04,3241.04
2669,2025-10-08,11,31,12,6048.11,72577.32
2670,09/04/2026,,36,2,3620.26,7240.52
2671,23/01/2026,5,26,12,3926.10,47113.20
2672,2026-03-26,10,4,2,2254.32,4508.64
2673,2026-07-27,10,3,3,4372.81,13118.43
2674,2026-04-18,12,34,6,6361.91,38171.46
2675,30/08/2026,2,11,3,3637.96,10913.88
2676,2026-06-30,12,1,12,4731.55,56778.60
2677,2026-03-06,6,5,6,1606.73,9640.38
2678,2026-04-15,4,26,6,3895.46,23372.76
2679,24/04/2026,4,7,1,2727.34,2727.34
2680,2026-07-30,9,2,2,1420.70,2841.40
2681,2025-10-08,10,5,1,1429.65,1429.65
2682,2025-11-29,4,25,3,2744.39,8233.17
2683,2026-08-25,12,18,2,2912.62,5825.24
2684,2026-08-26,5,18,1,2759.16,2759.16
2685,20/04/2026,11,12,1,1268.45,1268.45
2686,2026-04-23,6,12,6,1325.36,7952.16
2687,13/07/2026,12,3,12,4206.45,50477.40
2688,2026-04-02,10,11,2,3347.09,6694.18
2689,2026-06-30,7,13,1,3097.49,3097.49
2690,2026-05-06,9,8,1,5950.71,5950.71
2691,2026-04-01,10,30,1,16054.22,16054.22
2692,18/09/2025,12,20,2,829.80,1659.60
2693,2025-10-07,1,39,12,1843.80,22125.60
2694,2026-05-03,5,29,3,9837.66,29512.98
2695,07/10/2025,12,11,1,3723.91,3723.91
2696,01/08/2026,6,5,3,1412.01,4236.03
2697,20/12/2025,4,36,1,3497.99,3497.99
2698,2026-01-02,3,16,4,13802.84,55211.36
2699,2025-09-19,12,25,3,2732.43,8197.29
2700,01/09/2025,2,38,12,3431.78,41181.36
2701,2026-04-22,3,10,12,2498.03,29976.36
2702,2026-08-20,5,6,1,1015.52,1015.52
2703,19/05/2026,10,8,4,5650.98,22603.92
2704,2026-03-31,10,23,2,3908.95,7817.90
2705,2026-02-06,8,32,1,18177.81,18177.81
2706,27/11/2025,12,6,2,941.37,1882.74
2707,2026-06-25,1,2,6,1295.65,7773.90
2708,2025-11-01,3,19,1,6059.89,6059.89
2709,20/6/2026,5,28,2,12527.76,25055.52
2710,23/09/2025,12,28,3,12783.13,38349.39
2711,2026-03-12,7,22,1,2558.05,2558.05
2712,2025-09-26,12,35,1,2324.37,2324.37
2713,2026-05-27,7,34,1,6065.57,6065.57
2714,2026-04-27,4,10,1,2440.85,2440.85
2715,27/02/2026,7,27,3,4482.23,13446.69
2716,2026-06-22,11,19,1,6095.42,6095.42
2717,2026-02-27,2,24,2,1461.61,2923.22
2718,2026-06-18,6,19,1,6180.02,6180.02
2719,18/11/2025,8,37,2,2010.44,4020.88
2720,09/02/2026,11,24,1,1626.19,1626.19
2721,4/11/2025,9,23,2,4179.56,8359.12
2722,2026-08-11,9,7,1,2879.42,2879.42
2723,13/04/2026,,12,4,1281.48,5125.92
2724,2025-11-29,11,28,6,13229.46,79376.76
2725,21/05/2026,8,14,1,7496.65,7496.65
2726,2025-10-19,12,12,12,1322.94,15875.28
2727,13/4/2026,7,22,1,2352.01,2352.01
2728,2025-12-21,10,26,2,3963.98,7927.96
2729,2025-09-26,8,23,6,3985.64,23913.84
2730,2026-04-23,2,22,1,2565.16,2565.16
2731,2025-09-15,6,2,6,1416.56,8499.36
2732,04/01/2026,1,8,6,5972.42,35834.52
2733,2025-12-20,3,33,6,3254.67,19528.02
2734,2026-08-12,1,33,2,3085.65,6171.30
2735,2026-04-21,11,36,1,3518.41,3518.41
2736,28/07/2026,3,1,2,5164.29,10328.58
2737,2026-06-14,8,10,4,2207.74,8830.96
2738,20/12/2025,7,8,3,6001.89,18005.67
2739,05/06/2026,5,15,6,2119.97,12719.82
2740,2026-01-18,10,31,6,6822.54,40935.24
2741,2025-11-06,1,10,1,2244.14,2244.14
2742,2026-04-08,8,18,1,2766.18,2766.18
2743,24/04/2026,8,34,1,5754.98,5754.98
2744,2026-05-12,9,35,1,2304.51,2304.51
2745,2026-01-20,6,24,12,1622.31,19467.72
2746,2026-03-19,8,12,3,1303.25,3909.75
2747,2026-06-10,6,10,1,2543.33,2543.33
2748,2026-01-02,9,27,3,4139.07,12417.21
2749,2026-01-26,,28,12,13486.75,161841.00
2750,27/10/2025,8,36,6,3717.37,22304.22
2751,16/11/2025,6,28,3,14032.46,42097.38
2752,2026-01-03,8,27,6,4240.87,25445.22
2753,2026-07-02,,16,2,14145.56,28291.12
2754,11/1/2026,8,1,6,4689.32,28135.92
2755,2026-03-03,1,21,4,3291.83,13167.32
2756,22/07/2026,10,30,12,15632.04,187584.48
2757,2026-05-05,3,29,2,9523.65,19047.30
2758,2026-02-20,9,31,2,6162.19,12324.38
2759,5/10/2025,4,16,2,14635.64,29271.28
2760,2026-08-18,99,28,1,12521.67,12521.67
2761,2026-05-02,9,34,2,6241.35,12482.70
2762,10/06/2026,4,18,1,3176.33,3176.33
2763,02/09/2025,5,35,4,2365.30,9461.20
2764,10/02/2026,7,35,4,2285.65,9142.60
2765,2026-07-21,10,24,4,1592.35,6369.40
2766,2026-08-08,6,20,3,784.83,2354.49
2767,2026-08-16,8,3,6,3836.03,23016.18
2768,2025-11-02,11,5,12,1470.18,17642.16
2769,2025-09-14,3,13,1,3177.36,3177.36
2770,2026-02-17,12,8,2,5427.32,10854.64
2771,08/12/2025,,27,1,4146.29,4146.29
2772,2026-02-24,2,37,1,1900.58,1900.58
2773,2026-06-04,5,1,12,4695.75,56349.00
2774,2026-02-26,11,20,2,744.15,1488.30
2775,2026-08-06,10,35,12,2482.23,29786.76
2776,2026-05-17,2,3,1,4159.26,4159.26
2777,2025-09-26,1,14,4,7118.83,28475.32
2778,2026-08-14,6,18,1,2952.90,2952.90
2779,2026-02-09,,15,1,2241.13,2241.13
2780,28/07/2026,11,9,4,1815.62,7262.48
2781,2026-05-24,7,17,2,1733.14,3466.28
2782,2025-11-26,8,24,2,1481.79,2963.58
2783,06/02/2026,12,11,4,3629.84,14519.36
2784,2025-10-13,2,4,1,2261.10,2261.10
2785,2025-09-30,8,16,2,14079.54,28159.08
2786,2026-05-05,11,19,1,5896.89,5896.89
2787,2026-04-24,6,38,2,3346.60,6693.20
2788,2026-08-11,1,40,1,4294.78,4294.78
2789,29/07/2026,10,16,4,15588.55,62354.20
2790,2026-01-20,4,34,1,6381.60,6381.60
2791,2026-04-02,7,29,1,9515.73,9515.73
2792,2025-12-23,5,13,1,3117.68,3117.68
2793,17/07/2026,10,2,2,1442.41,2884.82
2794,24/11/2025,11,6,3,1055.53,3166.59
2795,2026-04-18,3,11,12,3398.02,40776.24
2796,2026-02-28,11,16,2,15707.88,31415.76
2797,2026-03-08,10,33,1,3212.54,3212.54
2798,2026-08-06,,35,6,2296.97,13781.82
2799,2025-12-26,99,28,2,12292.42,24584.84
2800,2026-01-14,6,38,3,3300.84,9902.52
2801,27/05/2026,1,34,1,6054.79,6054.79
2802,2025-09-22,4,36,1,3454.98,3454.98
2803,09/03/2026,2,32,6,17268.82,103612.92
2804,2026-03-24,4,1,2,4871.90,9743.80
2805,21/11/2025,6,36,2,3632.28,7264.56
2806,13/04/2026,10,21,12,3514.51,42174.12
2807,2026-01-02,6,33,4,3279.66,13118.64
2808,2026-02-01,12,19,1,6506.51,6506.51
2809,2025-12-22,1,7,1,2795.74,2795.74
2810,2026-06-12,5,3,3,4348.86,13046.58
2811,28/09/2025,8,39,1,1621.62,1621.62
2812,11/05/2026,5,34,4,6303.33,25213.32
2813,2026-06-25,11,9,6,1967.75,11806.50
2814,2025-12-02,9,39,4,1674.02,6696.08
2815,2026-01-02,11,2,3,1452.52,4357.56
2816,18/02/2026,9,16,1,13803.74,13803.74
2817,2025-11-08,4,4,1,2049.04,2049.04
2818,2026-05-23,10,30,6,14740.49,88442.94
2819,2026-04-15,11,32,1,19316.15,19316.15
2820,11/10/2025,9,23,6,4210.84,25265.04
2821,2026-01-12,3,2,4,1363.36,5453.44
2822,2026-01-28,6,39,12,1767.70,21212.40
2823,2025-12-09,10,19,2,6512.95,13025.90
2824,2025-10-15,1,3,1,3895.16,3895.16
2825,2025-10-04,10,11,4,3529.30,14117.20
2826,2026-08-18,7,11,1,3481.60,3481.60
2827,2026-03-24,12,37,4,2097.95,8391.80
2828,2026-07-31,10,33,4,3191.62,12766.48
2829,2025-10-10,11,27,1,4500.33,4500.33
2830,06/07/2026,11,23,1,4154.53,4154.53
2831,01/11/2025,2,30,1,15993.78,15993.78
2832,27/1/2026,6,21,1,3157.95,3157.95
2833,09/11/2025,2,13,2,3263.62,6527.24
2834,2025-12-25,9,39,4,1793.88,7175.52
2835,2026-05-25,12,33,2,3218.09,6436.18
2836,21/10/2025,1,9,6,1889.29,11335.74
2837,18/11/2025,1,25,1,2799.59,2799.59
2838,2025-12-26,1,16,1,14377.45,14377.45
2839,2025-10-19,12,5,2,1502.48,3004.96
2840,2025-12-07,8,31,4,6778.84,27115.36
2841,15/04/2026,5,24,1,1605.86,1605.86
2842,2025-10-01,10,15,2,2105.34,4210.68
2843,2025-12-04,7,15,2,2109.57,$ 4219.14
2844,2026-08-04,1,40,1,4261.82,4261.82
2845,2025-11-29,5,7,4,2932.17,11728.68
2846,2025-11-13,12,13,6,3226.58,19359.48
2847,16/11/2025,1,16,1,15146.54,15146.54
2848,03/08/2026,3,19,12,6277.51,75330.12
2849,2026-06-13,8,21,1,3285.01,3285.01
2850,15/10/2025,9,36,4,3892.08,15568.32
2851,2026-02-15,8,36,2,3589.71,7179.42
2852,18/10/2025,9,12,12,1255.16,15061.92
2853,2026-05-19,3,5,12,1494.72,17936.64
2854,2025-12-01,1,15,3,2116.25,6348.75
2855,2026-04-24,6,32,6,18466.36,110798.16
2856,2026-07-12,1,37,1,2091.83,2091.83
2857,2026-04-10,10,31,12,6149.40,73792.80
2858,2026-02-01,4,13,1,2838.70,2838.70
2859,9/10/2025,3,39,12,1726.97,20723.64
2860,2025-12-09,12,33,4,3332.68,13330.72
2861,2025-12-26,7,15,1,2194.61,2194.61
2862,2026-08-05,9,39,6,1862.28,11173.68
2863,2025-12-13,11,19,1,6486.43,6486.43
2864,2026-07-24,1,21,3,3455.78,10367.34
2865,2026-07-22,3,24,2,1586.99,3173.98
2866,2026-06-19,11,12,4,1311.43,5245.72
2867,15/04/2026,6,4,4,2076.72,8306.88
2868,2026-02-01,,32,6,19119.80,114718.80
2869,2025-09-23,10,12,1,1230.56,1230.56
2870,2026-06-27,8,18,6,2839.76,17038.56
2871,02/11/2025,8,2,1,1350.71,1350.71
2872,2026-04-25,3,20,1,779.25,779.25
2873,01/01/2026,5,23,1,4037.53,4037.53
2874,10/01/2026,5,35,3,2424.23,7272.69
2875,02/12/2025,12,20,1,745.32,745.32
2876,2025-12-26,4,21,1,3324.24,3324.24
2877,2026-08-12,7,3,3,3908.57,11725.71
2878,2026-08-22,7,32,1,17054.54,17054.54
2879,26/07/2026,11,3,4,4327.29,17309.16
2880,2026-04-17,11,20,2,780.92,1561.84
2881,2026-04-29,3,15,4,2169.98,8679.92
2882,24/09/2025,6,32,12,18076.05,216912.60
2883,04/07/2026,5,19,1,6407.18,6407.18
2884,2026-07-15,6,35,1,2318.30,2318.30
2885,2026-04-17,9,18,1,2946.37,2946.37
2886,2026-01-13,9,7,1,2892.83,2892.83
2887,2026-05-26,8,13,1,3253.78,3253.78
2888,2026-03-13,6,15,1,2305.66,2305.66
2889,2025-12-07,7,31,2,6851.17,13702.34
2890,2025-12-10,9,7,1,2668.02,2668.02
2891,13/02/2026,12,8,2,6005.39,12010.78
2892,2026-04-27,3,39,2,1636.46,3272.92
2893,28/06/2026,11,33,2,3152.26,6304.52
2894,2026-05-23,9,22,12,2612.66,31351.92
2895,2025-11-03,7,19,1,5993.54,5993.54
2896,2026-08-12,10,4,6,2183.54,13101.24
2897,2026-01-17,3,7,1,2899.31,2899.31
2898,2026-07-12,4,26,6,3951.81,23710.86
2899,2025-09-09,11,7,4,2965.37,11861.48
2900,05/04/2026,4,40,2,4278.50,8557.00
2901,2026-04-25,4,31,6,6012.68,36076.08
2902,2026-06-15,5,40,1,4111.98,4111.98
2903,2026-03-10,12,29,3,9554.97,28664.91
2904,2026-05-27,,34,3,5825.43,17476.29
2905,28/02/2026,1,12,1,1356.27,1356.27
2906,26/08/2026,3,5,2,1596.44,3192.88
2907,2026-04-07,8,10,1,2233.66,2233.66
2908,2026-04-03,10,18,1,2998.63,2998.63
2909,2026-07-31,10,29,1,9984.76,9984.76
2910,2026-02-18,8,16,1,15904.72,15904.72
2911,2025-10-16,4,6,6,950.80,5704.80
2912,03/01/2026,1,31,6,6884.52,41307.12
2913,2026-05-28,2,26,2,3648.89,7297.78
2914,2026-01-23,1,39,1,1704.75,1704.75
2915,19/08/2026,12,9,2,1888.62,3777.24
2916,2025-12-21,11,11,4,3771.81,15087.24
2917,2026-07-01,9,17,1,1714.61,1714.61
2918,2026-03-23,10,37,1,2119.53,2119.53
2919,12/04/2026,12,25,2,2542.11,5084.22
2920,2025-10-19,2,38,1,3439.45,3439.45
2921,01/09/2025,3,6,3,1034.71,3104.13
2922,2026-04-04,2,21,1,3442.39,3442.39
2923,2026-04-01,9,37,12,1957.66,23491.92
2924,2026-08-28,6,31,12,6012.77,72153.24
2925,07/01/2026,12,26,1,3883.68,3883.68
2926,2025-11-19,12,31,6,6442.81,38656.86
2927,24/08/2026,10,16,6,14735.24,88411.44
2928,2025-10-14,4,3,6,3840.43,23042.58
2929,2026-05-18,6,5,1,1574.36,1574.36
2930,2026-02-03,9,35,12,2615.03,31380.36
2931,2026-06-07,11,35,2,2393.89,4787.78
2932,09/04/2026,12,30,1,15227.54,15227.54
2933,2025-12-01,9,27,4,4550.46,18201.84
2934,2026-08-09,11,24,1,1579.16,1579.16
2935,2025-10-11,4,5,6,1433.95,8603.70
2936,2026-07-27,,34,3,5700.98,17102.94
2937,2025-11-03,12,17,2,1605.05,3210.10
2938,2026-02-20,3,23,2,4246.64,8493.28
2939,17/10/2025,3,32,4,17024.65,68098.60
2940,19/03/2026,9,5,1,1409.38,1409.38
2941,2026-04-17,1,19,3,6646.13,19938.39
2942,2026-05-18,2,36,6,3808.67,22852.02
2943,2026-02-07,99,27,2,4116.76,8233.52
2944,2026-02-11,7,34,1,6181.18,6181.18
2945,2026-03-10,9,37,3,2072.59,6217.77
2946,23/01/2026,6,4,1,2225.92,2225.92
2947,2026-08-01,9,2,1,1268.61,1268.61
2948,2025-11-03,8,2,2,1376.18,2752.36
2949,05/06/2026,11,4,3,2123.43,6370.29
2950,2026-06-12,5,16,6,15608.52,93651.12
2951,2026-05-08,11,39,1,1867.16,1867.16
2952,2026-04-09,2,30,3,16024.45,48073.35
2953,2025-11-28,1,35,1,2612.70,2612.70
2954,2025-12-08,12,38,3,3273.27,9819.81
2955,14/07/2026,2,30,1,16913.48,16913.48
2956,2025-11-28,4,22,6,2334.50,14007.00
2957,2026-07-29,11,25,2,2859.79,5719.58
2958,13/12/2025,11,16,3,15372.72,46118.16
2959,2026-01-09,3,23,4,4374.03,17496.12
2960,05/11/2025,,29,4,10580.87,42323.48
2961,2026-01-10,6,16,2,14014.35,28028.70
2962,2026-03-16,12,7,1,2769.85,2769.85
2963,05/04/2026,9,16,2,15209.28,30418.56
2964,2026-06-07,7,40,2,4447.98,8895.96
2965,10/08/2026,99,8,1,5386.10,5386.10
2966,2025-10-04,8,28,4,13966.50,55866.00
2967,2026-08-29,,8,1,5526.20,5526.20
2968,2026-05-01,9,35,4,2350.52,9402.08
2969,2026-07-27,12,14,1,6750.43,6750.43
2970,2026-08-24,4,5,6,1546.17,9277.02
2971,2026-08-20,1,38,3,3189.14,9567.42
2972,2026-08-25,10,8,4,5854.27,23417.08
2973,2026-06-21,11,4,6,2137.66,12825.96
2974,21/04/2026,4,3,2,4330.76,8661.52
2975,2026-03-29,10,27,1,4291.31,4291.31
2976,2026-05-05,5,14,12,7272.85,87274.20
2977,28/06/2026,9,30,4,16554.66,66218.64
2978,2025-12-12,12,36,1,3644.76,3644.76
2979,26/09/2025,3,6,1,1030.95,1030.95
2980,2026-05-27,4,18,6,2967.47,17804.82
2981,04/11/2025,8,28,1,14163.94,14163.94
2982,2025-09-05,4,40,4,4162.23,16648.92
2983,01/01/2026,12,4,2,2226.13,4452.26
2984,20/02/2026,4,24,2,1564.27,3128.54
2985,2026-05-20,12,27,1,4459.67,4459.67
2986,2025-11-06,6,33,2,3191.25,6382.50
2987,2025-09-06,8,999,3,1027.29,3081.87
2988,30/01/2026,9,25,4,2745.18,10980.72
2989,24/11/2025,10,4,2,2241.91,4483.82
2990,20/04/2026,1,32,4,19121.87,76487.48
2991,2026-07-20,2,2,1,1279.40,1279.40
2992,2026-04-09,12,38,2,3617.69,7235.38
2993,2026-08-12,10,26,2,3646.62,7293.24
2994,2025-09-17,10,3,6,4102.78,24616.68
2995,19/07/2026,12,40,1,4126.56,4126.56
2996,10/02/2026,1,26,12,3858.81,46305.72
2997,08/11/2025,1,22,3,2485.10,7455.30
2998,08/03/2026,99,39,2,1726.56,3453.12
2999,2025-09-16,3,22,2,2357.87,4715.74
3000,2026-03-20,2,29,6,10244.89,61469.34
